id_idx,label
0,28
1,55
2,23
3,96
4,23
5,82
6,29
7,97
8,86
9,36
10,35
11,80
12,23
13,60
14,59
15,80
16,80
17,31
18,27
19,15
20,15
21,52
22,48
23,23
24,36
25,10
26,32
27,3
28,28
29,47
30,95
31,87
32,47
33,47
34,21
35,53
36,59
37,90
38,94
39,86
40,36
41,87
42,23
43,18
44,56
45,78
46,66
47,56
48,56
49,48
50,67
51,78
52,27
53,3
54,53
55,28
56,93
57,36
58,14
59,50
60,50
61,43
62,39
63,50
64,23
65,35
66,16
67,7
68,97
69,71
70,20
71,83
72,57
73,40
74,26
75,79
76,36
77,9
78,71
79,88
80,84
81,53
82,4
83,91
84,36
85,43
86,45
87,42
88,16
89,81
90,58
91,68
92,72
93,90
94,83
95,88
96,90
97,87
98,68
99,38
100,67
101,90
102,53
103,48
104,81
105,39
106,96
107,13
108,15
109,8
110,53
111,36
112,35
113,58
114,11
115,30
116,87
117,96
118,12
119,28
120,25
121,54
122,43
123,96
124,75
125,17
126,56
127,66
128,35
129,5
130,23
131,35
132,48
133,56
134,98
135,82
136,47
137,81
138,30
139,82
140,13
141,75
142,30
143,48
144,98
145,33
146,44
147,31
148,70
149,62
150,5
151,15
152,98
153,39
154,18
155,87
156,80
157,77
158,62
159,3
160,81
161,67
162,97
163,20
164,23
165,0
166,17
167,76
168,30
169,47
170,56
171,18
172,44
173,77
174,62
175,66
176,80
177,62
178,9
179,35
180,94
181,42
182,96
183,5
184,21
185,83
186,20
187,58
188,29
189,2
190,79
191,71
192,74
193,18
194,33
195,30
196,49
197,70
198,85
199,49
200,93
201,94
202,34
203,15
204,75
205,99
206,96
207,84
208,80
209,32
210,82
211,35
212,60
213,2
214,35
215,71
216,51
217,12
218,3
219,97
220,28
221,48
222,83
223,16
224,0
225,49
226,20
227,44
228,43
229,13
230,72
231,53
232,73
233,60
234,72
235,30
236,2
237,13
238,79
239,44
240,78
241,33
242,38
243,40
244,57
245,20
246,69
247,35
248,43
249,27
250,99
251,17
252,8
253,9
254,55
255,32
256,17
257,87
258,55
259,23
260,38
261,79
262,98
263,12
264,14
265,53
266,36
267,0
268,46
269,87
270,13
271,30
272,0
273,22
274,94
275,25
276,20
277,31
278,60
279,6
280,40
281,73
282,14
283,20
284,99
285,91
286,81
287,85
288,47
289,69
290,30
291,29
292,0
293,54
294,54
295,5
296,52
297,7
298,7
299,80
300,9
301,75
302,9
303,90
304,69
305,96
306,64
307,65
308,53
309,85
310,54
311,61
312,59
313,8
314,56
315,74
316,31
317,65
318,28
319,11
320,18
321,11
322,23
323,74
324,62
325,35
326,61
327,74
328,66
329,40
330,95
331,71
332,35
333,95
334,48
335,97
336,21
337,5
338,18
339,67
340,83
341,29
342,2
343,62
344,2
345,20
346,88
347,18
348,64
349,50
350,28
351,2
352,27
353,20
354,30
355,52
356,88
357,51
358,99
359,53
360,53
361,36
362,62
363,38
364,30
365,32
366,5
367,87
368,0
369,21
370,53
371,38
372,61
373,60
374,80
375,8
376,3
377,71
378,21
379,97
380,10
381,63
382,20
383,91
384,57
385,75
386,76
387,47
388,29
389,17
390,77
391,3
392,20
393,0
394,97
395,33
396,60
397,71
398,80
399,83
400,69
401,31
402,27
403,91
404,35
405,86
406,86
407,11
408,53
409,81
410,85
411,28
412,2
413,47
414,32
415,28
416,65
417,51
418,67
419,38
420,39
421,61
422,99
423,57
424,58
425,73
426,66
427,81
428,66
429,13
430,22
431,57
432,79
433,38
434,33
435,79
436,70
437,76
438,1
439,93
440,50
441,69
442,95
443,39
444,56
445,88
446,71
447,99
448,31
449,48
450,60
451,95
452,24
453,63
454,35
455,83
456,8
457,31
458,37
459,99
460,42
461,87
462,21
463,80
464,51
465,44
466,31
467,56
468,81
469,82
470,9
471,62
472,75
473,86
474,60
475,33
476,84
477,24
478,82
479,13
480,50
481,5
482,79
483,60
484,53
485,87
486,9
487,55
488,63
489,97
490,14
491,52
492,73
493,45
494,5
495,17
496,53
497,33
498,20
499,80
500,21
501,5
502,66
503,94
504,69
505,20
506,97
507,0
508,73
509,57
510,98
511,27
512,78
513,85
514,8
515,51
516,32
517,3
518,97
519,94
520,48
521,30
522,88
523,38
524,79
525,91
526,73
527,5
528,86
529,21
530,90
531,84
532,61
533,71
534,79
535,18
536,44
537,48
538,45
539,49
540,56
541,80
542,39
543,27
544,87
545,92
546,32
547,27
548,76
549,67
550,35
551,15
552,10
553,82
554,79
555,36
556,83
557,55
558,12
559,95
560,27
561,46
562,69
563,80
564,68
565,98
566,0
567,47
568,73
569,96
570,87
571,9
572,68
573,41
574,91
575,95
576,84
577,41
578,54
579,21
580,13
581,87
582,80
583,71
584,54
585,20
586,24
587,4
588,33
589,78
590,65
591,25
592,84
593,16
594,95
595,38
596,36
597,52
598,62
599,31
600,1
601,27
602,95
603,15
604,79
605,0
606,62
607,8
608,68
609,86
610,43
611,27
612,55
613,96
614,77
615,21
616,51
617,8
618,23
619,34
620,0
621,17
622,30
623,29
624,49
625,95
626,31
627,0
628,39
629,67
630,59
631,35
632,78
633,67
634,18
635,72
636,42
637,5
638,1
639,90
640,6
641,82
642,73
643,99
644,32
645,11
646,66
647,56
648,3
649,53
650,1
651,24
652,57
653,37
654,94
655,83
656,23
657,56
658,12
659,12
660,35
661,32
662,56
663,3
664,0
665,80
666,66
667,61
668,36
669,27
670,46
671,90
672,16
673,63
674,64
675,44
676,30
677,87
678,44
679,65
680,90
681,19
682,37
683,36
684,60
685,55
686,75
687,23
688,83
689,18
690,20
691,14
692,75
693,3
694,52
695,29
696,33
697,47
698,17
699,15
700,9
701,47
702,64
703,18
704,61
705,13
706,85
707,78
708,91
709,77
710,78
711,13
712,19
713,82
714,94
715,87
716,68
717,59
718,83
719,75
720,14
721,60
722,22
723,86
724,68
725,7
726,56
727,5
728,31
729,71
730,36
731,53
732,90
733,52
734,14
735,10
736,44
737,57
738,81
739,69
740,53
741,41
742,22
743,50
744,10
745,61
746,68
747,0
748,62
749,29
750,85
751,29
752,30
753,37
754,2
755,68
756,70
757,45
758,90
759,90
760,36
761,71
762,22
763,5
764,48
765,69
766,97
767,43
768,41
769,57
770,69
771,81
772,48
773,69
774,68
775,40
776,30
777,39
778,1
779,23
780,18
781,39
782,21
783,53
784,2
785,55
786,27
787,76
788,58
789,31
790,11
791,26
792,60
793,90
794,4
795,35
796,58
797,44
798,87
799,10
800,70
801,46
802,96
803,55
804,24
805,22
806,21
807,63
808,46
809,40
810,42
811,40
812,96
813,21
814,79
815,6
816,86
817,3
818,70
819,37
820,37
821,20
822,72
823,9
824,3
825,15
826,33
827,53
828,60
829,47
830,39
831,52
832,73
833,21
834,28
835,21
836,56
837,53
838,12
839,18
840,86
841,57
842,91
843,12
844,79
845,76
846,15
847,53
848,31
849,61
850,74
851,24
852,31
853,97
854,82
855,75
856,63
857,62
858,97
859,31
860,13
861,13
862,30
863,37
864,91
865,57
866,16
867,41
868,98
869,95
870,0
871,14
872,52
873,79
874,61
875,54
876,78
877,29
878,10
879,36
880,57
881,68
882,29
883,26
884,58
885,31
886,82
887,12
888,73
889,16
890,24
891,9
892,21
893,31
894,48
895,97
896,61
897,57
898,86
899,23
900,31
901,54
902,28
903,59
904,27
905,3
906,87
907,66
908,33
909,50
910,70
911,30
912,28
913,56
914,18
915,42
916,6
917,73
918,5
919,72
920,27
921,36
922,86
923,38
924,97
925,55
926,3
927,29
928,11
929,90
930,48
931,42
932,24
933,67
934,38
935,57
936,86
937,58
938,57
939,61
940,75
941,23
942,31
943,60
944,99
945,19
946,80
947,35
948,24
949,96
950,53
951,33
952,45
953,89
954,61
955,66
956,53
957,40
958,37
959,96
960,49
961,13
962,0
963,2
964,75
965,18
966,36
967,39
968,36
969,35
970,60
971,21
972,56
973,97
974,32
975,99
976,61
977,62
978,48
979,2
980,64
981,20
982,76
983,66
984,90
985,92
986,31
987,86
988,95
989,66
990,46
991,81
992,89
993,84
994,35
995,67
996,51
997,69
998,35
999,2
1000,37
1001,20
1002,92
1003,33
1004,35
1005,2
1006,16
1007,41
1008,12
1009,62
1010,85
1011,85
1012,82
1013,61
1014,12
1015,27
1016,56
1017,70
1018,70
1019,0
1020,87
1021,3
1022,43
1023,45
1024,96
1025,44
1026,13
1027,35
1028,18
1029,56
1030,66
1031,99
1032,43
1033,2
1034,42
1035,62
1036,5
1037,76
1038,8
1039,0
1040,20
1041,36
1042,1
1043,63
1044,21
1045,90
1046,95
1047,63
1048,55
1049,24
1050,70
1051,36
1052,1
1053,57
1054,87
1055,0
1056,83
1057,4
1058,53
1059,51
1060,31
1061,71
1062,37
1063,20
1064,21
1065,2
1066,20
1067,44
1068,52
1069,6
1070,44
1071,41
1072,43
1073,53
1074,46
1075,38
1076,59
1077,32
1078,66
1079,78
1080,19
1081,90
1082,66
1083,0
1084,44
1085,44
1086,23
1087,3
1088,67
1089,40
1090,99
1091,26
1092,20
1093,55
1094,11
1095,73
1096,43
1097,21
1098,21
1099,36
1100,13
1101,54
1102,79
1103,66
1104,35
1105,53
1106,77
1107,17
1108,21
1109,19
1110,58
1111,91
1112,52
1113,27
1114,40
1115,57
1116,37
1117,30
1118,52
1119,6
1120,27
1121,83
1122,56
1123,43
1124,71
1125,7
1126,48
1127,57
1128,51
1129,99
1130,34
1131,71
1132,11
1133,62
1134,84
1135,68
1136,54
1137,5
1138,41
1139,19
1140,15
1141,62
1142,69
1143,30
1144,20
1145,36
1146,39
1147,82
1148,80
1149,86
1150,65
1151,34
1152,98
1153,25
1154,3
1155,21
1156,81
1157,42
1158,32
1159,57
1160,33
1161,11
1162,1
1163,69
1164,53
1165,15
1166,49
1167,94
1168,57
1169,74
1170,21
1171,94
1172,29
1173,47
1174,36
1175,25
1176,71
1177,43
1178,22
1179,59
1180,80
1181,71
1182,18
1183,99
1184,68
1185,89
1186,71
1187,87
1188,43
1189,54
1190,41
1191,98
1192,71
1193,87
1194,94
1195,35
1196,36
1197,95
1198,83
1199,21
1200,34
1201,12
1202,57
1203,81
1204,70
1205,71
1206,27
1207,60
1208,21
1209,14
1210,90
1211,15
1212,13
1213,78
1214,38
1215,71
1216,9
1217,44
1218,36
1219,35
1220,56
1221,13
1222,57
1223,98
1224,51
1225,54
1226,60
1227,29
1228,62
1229,30
1230,47
1231,63
1232,13
1233,69
1234,97
1235,90
1236,55
1237,53
1238,84
1239,97
1240,20
1241,55
1242,88
1243,67
1244,17
1245,20
1246,46
1247,31
1248,47
1249,96
1250,38
1251,99
1252,71
1253,71
1254,73
1255,99
1256,93
1257,72
1258,85
1259,96
1260,83
1261,91
1262,38
1263,0
1264,91
1265,83
1266,96
1267,47
1268,31
1269,66
1270,52
1271,17
1272,47
1273,78
1274,89
1275,76
1276,5
1277,15
1278,80
1279,66
1280,36
1281,61
1282,3
1283,82
1284,90
1285,15
1286,58
1287,15
1288,37
1289,59
1290,91
1291,46
1292,3
1293,36
1294,52
1295,13
1296,41
1297,69
1298,58
1299,17
1300,9
1301,69
1302,57
1303,31
1304,66
1305,95
1306,19
1307,33
1308,87
1309,48
1310,65
1311,38
1312,47
1313,51
1314,77
1315,21
1316,16
1317,34
1318,49
1319,95
1320,6
1321,79
1322,97
1323,22
1324,86
1325,99
1326,92
1327,90
1328,11
1329,0
1330,21
1331,85
1332,95
1333,42
1334,24
1335,2
1336,67
1337,26
1338,98
1339,0
1340,86
1341,21
1342,86
1343,69
1344,48
1345,95
1346,80
1347,76
1348,21
1349,53
1350,57
1351,2
1352,76
1353,9
1354,73
1355,41
1356,17
1357,51
1358,8
1359,23
1360,35
1361,11
1362,29
1363,29
1364,49
1365,81
1366,89
1367,58
1368,1
1369,87
1370,61
1371,36
1372,68
1373,78
1374,4
1375,70
1376,43
1377,80
1378,48
1379,46
1380,2
1381,83
1382,2
1383,65
1384,98
1385,30
1386,46
1387,50
1388,23
1389,13
1390,2
1391,84
1392,96
1393,49
1394,36
1395,67
1396,45
1397,0
1398,65
1399,57
1400,51
1401,52
1402,41
1403,27
1404,32
1405,60
1406,39
1407,62
1408,80
1409,66
1410,83
1411,73
1412,40
1413,30
1414,46
1415,83
1416,10
1417,33
1418,64
1419,95
1420,64
1421,46
1422,27
1423,81
1424,87
1425,59
1426,8
1427,42
1428,81
1429,30
1430,21
1431,69
1432,15
1433,68
1434,88
1435,30
1436,1
1437,10
1438,53
1439,90
1440,20
1441,71
1442,71
1443,30
1444,59
1445,84
1446,26
1447,95
1448,87
1449,60
1450,58
1451,55
1452,56
1453,34
1454,78
1455,42
1456,32
1457,59
1458,25
1459,94
1460,70
1461,35
1462,46
1463,92
1464,67
1465,28
1466,1
1467,28
1468,85
1469,33
1470,50
1471,97
1472,86
1473,83
1474,36
1475,79
1476,91
1477,87
1478,87
1479,79
1480,24
1481,2
1482,55
1483,71
1484,23
1485,71
1486,62
1487,29
1488,19
1489,7
1490,48
1491,68
1492,77
1493,27
1494,21
1495,28
1496,8
1497,97
1498,56
1499,80
1500,95
1501,47
1502,96
1503,63
1504,44
1505,83
1506,55
1507,50
1508,82
1509,63
1510,56
1511,83
1512,20
1513,22
1514,19
1515,86
1516,94
1517,20
1518,73
1519,35
1520,82
1521,19
1522,47
1523,86
1524,36
1525,11
1526,85
1527,35
1528,18
1529,49
1530,28
1531,35
1532,32
1533,21
1534,49
1535,50
1536,13
1537,41
1538,46
1539,69
1540,40
1541,22
1542,69
1543,88
1544,31
1545,66
1546,15
1547,10
1548,69
1549,63
1550,99
1551,44
1552,3
1553,61
1554,48
1555,29
1556,2
1557,9
1558,95
1559,38
1560,71
1561,23
1562,27
1563,36
1564,48
1565,88
1566,58
1567,8
1568,94
1569,14
1570,72
1571,13
1572,8
1573,82
1574,60
1575,96
1576,42
1577,27
1578,83
1579,73
1580,31
1581,28
1582,31
1583,15
1584,44
1585,36
1586,23
1587,12
1588,99
1589,31
1590,95
1591,27
1592,76
1593,44
1594,68
1595,19
1596,39
1597,18
1598,61
1599,77
1600,4
1601,85
1602,87
1603,44
1604,56
1605,43
1606,36
1607,60
1608,2
1609,20
1610,31
1611,47
1612,25
1613,35
1614,62
1615,69
1616,67
1617,79
1618,43
1619,7
1620,82
1621,77
1622,99
1623,8
1624,1
1625,62
1626,44
1627,74
1628,69
1629,62
1630,18
1631,78
1632,31
1633,27
1634,9
1635,75
1636,21
1637,1
1638,63
1639,61
1640,45
1641,48
1642,64
1643,59
1644,49
1645,78
1646,1
1647,38
1648,53
1649,3
1650,10
1651,65
1652,86
1653,69
1654,23
1655,38
1656,54
1657,30
1658,86
1659,35
1660,71
1661,42
1662,69
1663,2
1664,98
1665,56
1666,37
1667,17
1668,77
1669,34
1670,99
1671,72
1672,13
1673,79
1674,1
1675,48
1676,53
1677,87
1678,39
1679,45
1680,85
1681,5
1682,8
1683,36
1684,15
1685,32
1686,42
1687,52
1688,61
1689,80
1690,34
1691,66
1692,98
1693,31
1694,32
1695,41
1696,18
1697,1
1698,27
1699,67
1700,47
1701,80
1702,68
1703,84
1704,97
1705,45
1706,31
1707,43
1708,21
1709,85
1710,15
1711,92
1712,24
1713,35
1714,71
1715,90
1716,27
1717,31
1718,87
1719,36
1720,83
1721,5
1722,92
1723,23
1724,35
1725,21
1726,10
1727,97
1728,46
1729,35
1730,1
1731,31
1732,1
1733,32
1734,37
1735,83
1736,60
1737,97
1738,17
1739,96
1740,41
1741,91
1742,78
1743,27
1744,99
1745,52
1746,21
1747,84
1748,44
1749,47
1750,57
1751,37
1752,78
1753,86
1754,29
1755,97
1756,71
1757,60
1758,56
1759,95
1760,69
1761,13
1762,84
1763,0
1764,37
1765,55
1766,36
1767,21
1768,33
1769,18
1770,97
1771,44
1772,2
1773,21
1774,94
1775,20
1776,21
1777,51
1778,57
1779,18
1780,27
1781,57
1782,2
1783,31
1784,35
1785,82
1786,56
1787,11
1788,41
1789,90
1790,77
1791,37
1792,65
1793,98
1794,34
1795,0
1796,30
1797,85
1798,61
1799,87
1800,83
1801,33
1802,60
1803,21
1804,84
1805,73
1806,55
1807,5
1808,37
1809,41
1810,66
1811,31
1812,71
1813,85
1814,56
1815,42
1816,71
1817,27
1818,37
1819,27
1820,61
1821,64
1822,81
1823,17
1824,86
1825,15
1826,67
1827,36
1828,21
1829,8
1830,8
1831,85
1832,74
1833,71
1834,71
1835,36
1836,1
1837,23
1838,49
1839,81
1840,13
1841,62
1842,4
1843,10
1844,61
1845,4
1846,78
1847,37
1848,55
1849,41
1850,63
1851,5
1852,52
1853,75
1854,23
1855,62
1856,82
1857,21
1858,41
1859,47
1860,10
1861,26
1862,18
1863,60
1864,67
1865,72
1866,96
1867,36
1868,66
1869,96
1870,33
1871,8
1872,69
1873,78
1874,16
1875,54
1876,29
1877,72
1878,78
1879,13
1880,70
1881,62
1882,38
1883,44
1884,80
1885,68
1886,49
1887,9
1888,90
1889,46
1890,24
1891,9
1892,0
1893,35
1894,92
1895,53
1896,83
1897,77
1898,30
1899,27
1900,22
1901,61
1902,94
1903,44
1904,13
1905,16
1906,58
1907,62
1908,23
1909,71
1910,31
1911,2
1912,40
1913,58
1914,56
1915,57
1916,73
1917,33
1918,72
1919,12
1920,61
1921,6
1922,15
1923,57
1924,16
1925,51
1926,8
1927,24
1928,48
1929,39
1930,6
1931,39
1932,43
1933,77
1934,78
1935,57
1936,63
1937,86
1938,27
1939,56
1940,82
1941,18
1942,83
1943,36
1944,22
1945,21
1946,18
1947,80
1948,44
1949,90
1950,37
1951,57
1952,31
1953,30
1954,30
1955,80
1956,31
1957,26
1958,98
1959,22
1960,31
1961,86
1962,35
1963,24
1964,27
1965,98
1966,31
1967,71
1968,53
1969,17
1970,92
1971,51
1972,51
1973,58
1974,57
1975,47
1976,17
1977,66
1978,39
1979,31
1980,49
1981,50
1982,71
1983,10
1984,52
1985,17
1986,16
1987,47
1988,83
1989,31
1990,37
1991,71
1992,40
1993,48
1994,17
1995,90
1996,28
1997,95
1998,27
1999,66
2000,87
2001,0
2002,23
2003,53
2004,55
2005,0
2006,79
2007,78
2008,75
2009,33
2010,0
2011,21
2012,2
2013,17
2014,37
2015,75
2016,47
2017,24
2018,84
2019,22
2020,28
2021,56
2022,48
2023,89
2024,19
2025,23
2026,82
2027,59
2028,20
2029,18
2030,30
2031,15
2032,18
2033,79
2034,33
2035,81
2036,83
2037,30
2038,81
2039,32
2040,48
2041,13
2042,25
2043,63
2044,70
2045,52
2046,55
2047,86
2048,1
2049,29
2050,62
2051,56
2052,9
2053,68
2054,79
2055,85
2056,46
2057,71
2058,69
2059,49
2060,17
2061,81
2062,56
2063,69
2064,44
2065,33
2066,41
2067,22
2068,24
2069,68
2070,63
2071,95
2072,22
2073,54
2074,55
2075,37
2076,80
2077,79
2078,24
2079,61
2080,61
2081,13
2082,87
2083,58
2084,73
2085,9
2086,19
2087,1
2088,38
2089,75
2090,35
2091,36
2092,48
2093,76
2094,65
2095,71
2096,87
2097,23
2098,18
2099,72
2100,63
2101,3
2102,63
2103,46
2104,30
2105,53
2106,33
2107,56
2108,83
2109,40
2110,45
2111,37
2112,30
2113,58
2114,49
2115,53
2116,37
2117,33
2118,46
2119,11
2120,19
2121,29
2122,61
2123,85
2124,18
2125,87
2126,52
2127,61
2128,70
2129,48
2130,35
2131,42
2132,88
2133,31
2134,4
2135,46
2136,53
2137,18
2138,22
2139,85
2140,76
2141,36
2142,17
2143,35
2144,17
2145,59
2146,10
2147,17
2148,39
2149,64
2150,49
2151,49
2152,31
2153,18
2154,71
2155,93
2156,21
2157,92
2158,59
2159,13
2160,35
2161,0
2162,47
2163,88
2164,57
2165,21
2166,64
2167,69
2168,63
2169,78
2170,57
2171,65
2172,86
2173,80
2174,46
2175,87
2176,61
2177,21
2178,99
2179,57
2180,40
2181,87
2182,35
2183,33
2184,3
2185,70
2186,20
2187,92
2188,85
2189,56
2190,85
2191,52
2192,40
2193,52
2194,57
2195,59
2196,71
2197,57
2198,36
2199,42
2200,66
2201,66
2202,8
2203,57
2204,32
2205,7
2206,51
2207,99
2208,11
2209,94
2210,44
2211,64
2212,80
2213,0
2214,53
2215,71
2216,50
2217,96
2218,77
2219,9
2220,15
2221,64
2222,5
2223,80
2224,86
2225,20
2226,62
2227,90
2228,23
2229,49
2230,22
2231,69
2232,85
2233,32
2234,42
2235,77
2236,58
2237,69
2238,69
2239,74
2240,64
2241,56
2242,55
2243,81
2244,30
2245,19
2246,66
2247,90
2248,79
2249,34
2250,25
2251,27
2252,49
2253,86
2254,13
2255,27
2256,58
2257,23
2258,86
2259,53
2260,35
2261,8
2262,10
2263,99
2264,59
2265,97
2266,1
2267,6
2268,40
2269,85
2270,49
2271,57
2272,36
2273,36
2274,23
2275,69
2276,24
2277,42
2278,87
2279,69
2280,70
2281,7
2282,82
2283,51
2284,30
2285,32
2286,58
2287,90
2288,61
2289,1
2290,18
2291,2
2292,38
2293,80
2294,62
2295,0
2296,83
2297,74
2298,66
2299,15
2300,86
2301,9
2302,99
2303,93
2304,11
2305,86
2306,73
2307,36
2308,36
2309,12
2310,60
2311,91
2312,81
2313,59
2314,9
2315,94
2316,62
2317,65
2318,73
2319,69
2320,47
2321,21
2322,53
2323,48
2324,53
2325,35
2326,99
2327,3
2328,34
2329,79
2330,8
2331,2
2332,52
2333,40
2334,6
2335,57
2336,1
2337,91
2338,10
2339,98
2340,30
2341,87
2342,45
2343,83
2344,9
2345,56
2346,19
2347,24
2348,17
2349,8
2350,16
2351,48
2352,54
2353,66
2354,86
2355,20
2356,68
2357,20
2358,35
2359,61
2360,71
2361,47
2362,2
2363,86
2364,9
2365,77
2366,71
2367,51
2368,57
2369,78
2370,71
2371,67
2372,7
2373,2
2374,68
2375,9
2376,83
2377,12
2378,85
2379,18
2380,71
2381,48
2382,54
2383,52
2384,36
2385,12
2386,21
2387,5
2388,80
2389,64
2390,22
2391,75
2392,48
2393,9
2394,37
2395,9
2396,51
2397,8
2398,21
2399,45
2400,54
2401,86
2402,90
2403,67
2404,53
2405,36
2406,61
2407,40
2408,22
2409,31
2410,30
2411,28
2412,62
2413,23
2414,33
2415,58
2416,73
2417,60
2418,2
2419,58
2420,48
2421,63
2422,96
2423,53
2424,24
2425,33
2426,18
2427,10
2428,53
2429,66
2430,24
2431,15
2432,52
2433,57
2434,79
2435,0
2436,29
2437,55
2438,22
2439,74
2440,5
2441,53
2442,21
2443,21
2444,76
2445,12
2446,31
2447,62
2448,89
2449,60
2450,27
2451,15
2452,5
2453,61
2454,53
2455,69
2456,79
2457,97
2458,57
2459,87
2460,11
2461,59
2462,87
2463,2
2464,83
2465,1
2466,56
2467,96
2468,75
2469,18
2470,52
2471,91
2472,21
2473,13
2474,92
2475,27
2476,32
2477,52
2478,15
2479,37
2480,83
2481,16
2482,29
2483,87
2484,53
2485,56
2486,22
2487,56
2488,87
2489,25
2490,75
2491,36
2492,21
2493,73
2494,37
2495,87
2496,43
2497,20
2498,16
2499,33
2500,18
2501,7
2502,43
2503,16
2504,88
2505,89
2506,81
2507,36
2508,51
2509,69
2510,37
2511,79
2512,68
2513,24
2514,57
2515,21
2516,63
2517,20
2518,67
2519,29
2520,9
2521,85
2522,35
2523,9
2524,0
2525,15
2526,62
2527,95
2528,26
2529,90
2530,41
2531,88
2532,65
2533,53
2534,10
2535,35
2536,31
2537,43
2538,66
2539,18
2540,18
2541,60
2542,30
2543,79
2544,18
2545,57
2546,95
2547,59
2548,88
2549,6
2550,43
2551,60
2552,46
2553,66
2554,31
2555,27
2556,37
2557,30
2558,44
2559,62
2560,57
2561,8
2562,94
2563,4
2564,20
2565,62
2566,61
2567,47
2568,25
2569,6
2570,17
2571,31
2572,56
2573,33
2574,58
2575,68
2576,2
2577,35
2578,96
2579,35
2580,84
2581,79
2582,1
2583,12
2584,8
2585,31
2586,33
2587,53
2588,71
2589,91
2590,82
2591,79
2592,21
2593,86
2594,52
2595,71
2596,8
2597,66
2598,99
2599,21
2600,82
2601,69
2602,52
2603,82
2604,33
2605,19
2606,0
2607,47
2608,3
2609,12
2610,88
2611,36
2612,73
2613,68
2614,99
2615,2
2616,73
2617,61
2618,37
2619,28
2620,61
2621,9
2622,95
2623,88
2624,31
2625,65
2626,57
2627,95
2628,90
2629,87
2630,37
2631,27
2632,58
2633,0
2634,31
2635,72
2636,52
2637,58
2638,63
2639,43
2640,9
2641,54
2642,72
2643,57
2644,46
2645,30
2646,21
2647,22
2648,89
2649,56
2650,37
2651,86
2652,89
2653,85
2654,24
2655,80
2656,55
2657,69
2658,61
2659,23
2660,56
2661,6
2662,88
2663,34
2664,71
2665,48
2666,68
2667,10
2668,85
2669,75
2670,78
2671,36
2672,55
2673,36
2674,72
2675,27
2676,24
2677,24
2678,69
2679,62
2680,21
2681,76
2682,4
2683,29
2684,36
2685,20
2686,41
2687,9
2688,58
2689,13
2690,85
2691,35
2692,46
2693,61
2694,79
2695,73
2696,73
2697,48
2698,66
2699,36
2700,51
2701,63
2702,83
2703,73
2704,44
2705,93
2706,31
2707,54
2708,79
2709,37
2710,67
2711,27
2712,49
2713,85
2714,29
2715,79
2716,6
2717,40
2718,20
2719,35
2720,15
2721,9
2722,52
2723,74
2724,2
2725,35
2726,94
2727,0
2728,33
2729,94
2730,91
2731,19
2732,66
2733,67
2734,23
2735,39
2736,20
2737,73
2738,56
2739,83
2740,88
2741,97
2742,66
2743,5
2744,31
2745,24
2746,20
2747,46
2748,63
2749,60
2750,23
2751,35
2752,52
2753,19
2754,91
2755,10
2756,30
2757,75
2758,67
2759,86
2760,9
2761,76
2762,29
2763,79
2764,41
2765,41
2766,87
2767,0
2768,9
2769,17
2770,3
2771,36
2772,77
2773,12
2774,86
2775,62
2776,40
2777,70
2778,90
2779,31
2780,53
2781,79
2782,61
2783,59
2784,63
2785,20
2786,31
2787,54
2788,10
2789,5
2790,35
2791,73
2792,57
2793,56
2794,61
2795,96
2796,67
2797,98
2798,31
2799,87
2800,80
2801,43
2802,15
2803,8
2804,53
2805,41
2806,80
2807,57
2808,31
2809,9
2810,17
2811,61
2812,76
2813,33
2814,69
2815,20
2816,36
2817,8
2818,51
2819,5
2820,56
2821,31
2822,35
2823,39
2824,88
2825,24
2826,10
2827,53
2828,95
2829,13
2830,80
2831,80
2832,48
2833,18
2834,14
2835,87
2836,5
2837,97
2838,96
2839,58
2840,40
2841,66
2842,37
2843,31
2844,40
2845,63
2846,40
2847,6
2848,79
2849,54
2850,91
2851,31
2852,31
2853,82
2854,64
2855,32
2856,2
2857,64
2858,22
2859,27
2860,4
2861,99
2862,57
2863,68
2864,60
2865,21
2866,82
2867,96
2868,79
2869,67
2870,66
2871,80
2872,9
2873,21
2874,18
2875,72
2876,24
2877,39
2878,44
2879,11
2880,48
2881,21
2882,57
2883,98
2884,71
2885,80
2886,2
2887,43
2888,49
2889,72
2890,79
2891,15
2892,72
2893,39
2894,22
2895,61
2896,36
2897,54
2898,20
2899,31
2900,3
2901,99
2902,19
2903,31
2904,53
2905,9
2906,14
2907,36
2908,0
2909,80
2910,28
2911,69
2912,0
2913,62
2914,44
2915,29
2916,52
2917,19
2918,96
2919,62
2920,36
2921,47
2922,52
2923,92
2924,35
2925,60
2926,23
2927,37
2928,49
2929,78
2930,46
2931,62
2932,19
2933,78
2934,22
2935,22
2936,70
2937,55
2938,67
2939,55
2940,48
2941,84
2942,29
2943,93
2944,37
2945,73
2946,54
2947,22
2948,96
2949,82
2950,53
2951,53
2952,33
2953,94
2954,72
2955,5
2956,11
2957,94
2958,23
2959,28
2960,4
2961,97
2962,3
2963,48
2964,75
2965,61
2966,96
2967,83
2968,98
2969,83
2970,53
2971,29
2972,8
2973,68
2974,58
2975,78
2976,54
2977,8
2978,40
2979,66
2980,73
2981,81
2982,21
2983,9
2984,94
2985,69
2986,0
2987,46
2988,95
2989,2
2990,94
2991,85
2992,62
2993,12
2994,49
2995,90
2996,71
2997,73
2998,18
2999,52
3000,12
3001,90
3002,36
3003,2
3004,56
3005,2
3006,22
3007,99
3008,66
3009,95
3010,61
3011,90
3012,32
3013,72
3014,52
3015,49
3016,45
3017,27
3018,54
3019,25
3020,2
3021,76
3022,39
3023,51
3024,56
3025,87
3026,71
3027,23
3028,89
3029,29
3030,80
3031,31
3032,83
3033,85
3034,28
3035,57
3036,46
3037,34
3038,52
3039,92
3040,85
3041,82
3042,34
3043,66
3044,62
3045,35
3046,53
3047,23
3048,33
3049,8
3050,97
3051,7
3052,69
3053,87
3054,69
3055,91
3056,73
3057,48
3058,56
3059,86
3060,96
3061,95
3062,51
3063,95
3064,53
3065,79
3066,19
3067,14
3068,33
3069,97
3070,47
3071,61
3072,37
3073,15
3074,63
3075,21
3076,47
3077,21
3078,21
3079,44
3080,80
3081,0
3082,12
3083,22
3084,61
3085,68
3086,80
3087,86
3088,44
3089,12
3090,36
3091,86
3092,36
3093,0
3094,87
3095,8
3096,92
3097,27
3098,37
3099,75
3100,31
3101,87
3102,56
3103,43
3104,17
3105,46
3106,61
3107,88
3108,27
3109,74
3110,40
3111,94
3112,61
3113,21
3114,4
3115,27
3116,92
3117,2
3118,58
3119,37
3120,6
3121,25
3122,78
3123,79
3124,28
3125,98
3126,92
3127,38
3128,85
3129,44
3130,60
3131,39
3132,87
3133,27
3134,76
3135,40
3136,56
3137,21
3138,11
3139,71
3140,53
3141,52
3142,74
3143,18
3144,31
3145,20
3146,53
3147,13
3148,5
3149,68
3150,78
3151,70
3152,86
3153,15
3154,21
3155,31
3156,43
3157,21
3158,23
3159,32
3160,71
3161,51
3162,33
3163,65
3164,8
3165,74
3166,23
3167,94
3168,91
3169,53
3170,49
3171,60
3172,91
3173,83
3174,44
3175,40
3176,78
3177,65
3178,87
3179,81
3180,94
3181,24
3182,56
3183,86
3184,27
3185,10
3186,80
3187,37
3188,38
3189,2
3190,65
3191,98
3192,23
3193,53
3194,25
3195,11
3196,64
3197,58
3198,94
3199,62
3200,76
3201,45
3202,86
3203,31
3204,31
3205,73
3206,72
3207,6
3208,1
3209,86
3210,18
3211,35
3212,84
3213,36
3214,23
3215,87
3216,90
3217,60
3218,4
3219,16
3220,33
3221,79
3222,35
3223,97
3224,23
3225,30
3226,21
3227,42
3228,53
3229,13
3230,19
3231,7
3232,37
3233,16
3234,33
3235,97
3236,88
3237,62
3238,40
3239,96
3240,13
3241,30
3242,88
3243,77
3244,66
3245,54
3246,59
3247,17
3248,0
3249,33
3250,69
3251,56
3252,21
3253,31
3254,49
3255,82
3256,67
3257,57
3258,8
3259,58
3260,56
3261,57
3262,56
3263,52
3264,69
3265,5
3266,1
3267,18
3268,63
3269,85
3270,19
3271,90
3272,17
3273,86
3274,35
3275,36
3276,38
3277,44
3278,10
3279,4
3280,72
3281,7
3282,57
3283,85
3284,94
3285,43
3286,69
3287,39
3288,53
3289,52
3290,35
3291,90
3292,49
3293,31
3294,57
3295,41
3296,20
3297,58
3298,52
3299,4
3300,63
3301,12
3302,20
3303,49
3304,42
3305,84
3306,36
3307,71
3308,59
3309,85
3310,91
3311,92
3312,30
3313,55
3314,9
3315,51
3316,53
3317,9
3318,37
3319,89
3320,47
3321,83
3322,25
3323,95
3324,81
3325,36
3326,0
3327,96
3328,83
3329,35
3330,88
3331,20
3332,23
3333,20
3334,28
3335,64
3336,3
3337,56
3338,77
3339,2
3340,23
3341,77
3342,37
3343,4
3344,60
3345,14
3346,16
3347,40
3348,28
3349,33
3350,41
3351,79
3352,96
3353,21
3354,78
3355,74
3356,79
3357,57
3358,77
3359,28
3360,43
3361,87
3362,85
3363,37
3364,71
3365,4
3366,16
3367,35
3368,58
3369,71
3370,41
3371,61
3372,21
3373,13
3374,82
3375,31
3376,50
3377,71
3378,87
3379,32
3380,36
3381,43
3382,58
3383,16
3384,32
3385,99
3386,79
3387,37
3388,74
3389,87
3390,69
3391,82
3392,58
3393,25
3394,54
3395,36
3396,11
3397,82
3398,78
3399,18
3400,71
3401,55
3402,62
3403,99
3404,36
3405,75
3406,8
3407,61
3408,33
3409,48
3410,56
3411,31
3412,3
3413,36
3414,39
3415,89
3416,75
3417,53
3418,24
3419,56
3420,79
3421,83
3422,0
3423,54
3424,19
3425,53
3426,85
3427,33
3428,54
3429,16
3430,31
3431,54
3432,87
3433,93
3434,88
3435,16
3436,20
3437,69
3438,83
3439,68
3440,32
3441,49
3442,63
3443,68
3444,54
3445,76
3446,93
3447,15
3448,87
3449,36
3450,3
3451,69
3452,81
3453,23
3454,81
3455,64
3456,40
3457,5
3458,71
3459,35
3460,94
3461,0
3462,27
3463,13
3464,10
3465,47
3466,80
3467,61
3468,65
3469,59
3470,24
3471,33
3472,52
3473,47
3474,10
3475,48
3476,36
3477,11
3478,86
3479,31
3480,34
3481,30
3482,52
3483,29
3484,36
3485,25
3486,94
3487,22
3488,2
3489,70
3490,55
3491,73
3492,79
3493,38
3494,90
3495,78
3496,53
3497,35
3498,65
3499,71
3500,33
3501,99
3502,73
3503,5
3504,83
3505,4
3506,54
3507,75
3508,10
3509,82
3510,11
3511,95
3512,84
3513,60
3514,79
3515,87
3516,13
3517,53
3518,57
3519,70
3520,56
3521,21
3522,47
3523,92
3524,19
3525,83
3526,88
3527,40
3528,66
3529,75
3530,35
3531,76
3532,96
3533,52
3534,5
3535,17
3536,79
3537,60
3538,95
3539,30
3540,71
3541,4
3542,78
3543,17
3544,62
3545,54
3546,59
3547,61
3548,46
3549,5
3550,31
3551,81
3552,85
3553,23
3554,27
3555,83
3556,69
3557,30
3558,11
3559,36
3560,17
3561,47
3562,69
3563,13
3564,21
3565,5
3566,79
3567,62
3568,25
3569,27
3570,27
3571,43
3572,75
3573,76
3574,20
3575,81
3576,6
3577,97
3578,20
3579,94
3580,42
3581,40
3582,87
3583,82
3584,1
3585,23
3586,59
3587,62
3588,17
3589,16
3590,35
3591,89
3592,20
3593,61
3594,66
3595,59
3596,82
3597,54
3598,88
3599,44
3600,25
3601,32
3602,29
3603,32
3604,15
3605,26
3606,9
3607,62
3608,8
3609,36
3610,93
3611,62
3612,28
3613,13
3614,80
3615,94
3616,57
3617,94
3618,39
3619,74
3620,13
3621,35
3622,63
3623,44
3624,37
3625,68
3626,33
3627,83
3628,15
3629,81
3630,48
3631,30
3632,3
3633,92
3634,53
3635,51
3636,97
3637,95
3638,54
3639,97
3640,84
3641,94
3642,91
3643,69
3644,27
3645,35
3646,8
3647,35
3648,54
3649,18
3650,13
3651,31
3652,31
3653,36
3654,53
3655,98
3656,59
3657,51
3658,22
3659,91
3660,56
3661,23
3662,86
3663,53
3664,74
3665,18
3666,56
3667,36
3668,40
3669,71
3670,16
3671,23
3672,48
3673,28
3674,36
3675,66
3676,9
3677,55
3678,99
3679,19
3680,92
3681,59
3682,21
3683,20
3684,27
3685,91
3686,85
3687,28
3688,37
3689,53
3690,76
3691,79
3692,84
3693,23
3694,1
3695,95
3696,89
3697,77
3698,61
3699,83
3700,50
3701,21
3702,35
3703,40
3704,17
3705,1
3706,88
3707,50
3708,33
3709,34
3710,35
3711,44
3712,44
3713,11
3714,50
3715,12
3716,16
3717,58
3718,11
3719,0
3720,83
3721,39
3722,32
3723,41
3724,58
3725,22
3726,90
3727,25
3728,19
3729,95
3730,94
3731,71
3732,69
3733,58
3734,33
3735,36
3736,57
3737,96
3738,36
3739,94
3740,21
3741,91
3742,99
3743,75
3744,76
3745,37
3746,78
3747,89
3748,82
3749,23
3750,38
3751,15
3752,21
3753,43
3754,55
3755,43
3756,8
3757,83
3758,87
3759,86
3760,70
3761,84
3762,83
3763,44
3764,82
3765,52
3766,55
3767,79
3768,62
3769,57
3770,5
3771,96
3772,78
3773,84
3774,99
3775,90
3776,57
3777,14
3778,87
3779,79
3780,35
3781,46
3782,58
3783,21
3784,39
3785,36
3786,43
3787,31
3788,90
3789,66
3790,83
3791,75
3792,23
3793,24
3794,37
3795,18
3796,17
3797,0
3798,71
3799,36
3800,4
3801,23
3802,36
3803,59
3804,88
3805,96
3806,95
3807,35
3808,15
3809,87
3810,75
3811,67
3812,5
3813,44
3814,53
3815,8
3816,99
3817,0
3818,56
3819,31
3820,62
3821,72
3822,70
3823,59
3824,35
3825,85
3826,69
3827,40
3828,9
3829,63
3830,98
3831,38
3832,71
3833,90
3834,20
3835,85
3836,95
3837,81
3838,24
3839,24
3840,78
3841,8
3842,79
3843,59
3844,21
3845,43
3846,2
3847,83
3848,53
3849,36
3850,13
3851,73
3852,1
3853,41
3854,35
3855,23
3856,69
3857,92
3858,55
3859,2
3860,69
3861,79
3862,19
3863,59
3864,1
3865,94
3866,76
3867,13
3868,40
3869,75
3870,71
3871,80
3872,43
3873,2
3874,31
3875,27
3876,66
3877,27
3878,57
3879,50
3880,9
3881,37
3882,2
3883,83
3884,15
3885,54
3886,27
3887,13
3888,9
3889,34
3890,2
3891,66
3892,80
3893,7
3894,13
3895,92
3896,96
3897,69
3898,49
3899,84
3900,81
3901,21
3902,9
3903,61
3904,16
3905,79
3906,5
3907,99
3908,74
3909,24
3910,11
3911,49
3912,95
3913,53
3914,33
3915,53
3916,40
3917,63
3918,18
3919,78
3920,99
3921,33
3922,71
3923,24
3924,0
3925,83
3926,73
3927,73
3928,2
3929,26
3930,36
3931,88
3932,40
3933,86
3934,38
3935,6
3936,35
3937,44
3938,16
3939,95
3940,18
3941,3
3942,84
3943,35
3944,80
3945,40
3946,50
3947,96
3948,54
3949,29
3950,77
3951,56
3952,66
3953,23
3954,48
3955,87
3956,62
3957,37
3958,78
3959,5
3960,18
3961,65
3962,13
3963,12
3964,24
3965,29
3966,37
3967,30
3968,49
3969,95
3970,30
3971,89
3972,99
3973,15
3974,23
3975,28
3976,55
3977,87
3978,27
3979,62
3980,75
3981,83
3982,82
3983,78
3984,34
3985,0
3986,81
3987,66
3988,37
3989,35
3990,80
3991,75
3992,69
3993,96
3994,75
3995,52
3996,73
3997,83
3998,83
3999,91
4000,79
4001,52
4002,62
4003,81
4004,84
4005,87
4006,91
4007,69
4008,0
4009,39
4010,23
4011,45
4012,20
4013,44
4014,63
4015,54
4016,12
4017,1
4018,40
4019,2
4020,20
4021,38
4022,35
4023,71
4024,24
4025,50
4026,61
4027,10
4028,69
4029,65
4030,83
4031,96
4032,10
4033,43
4034,30
4035,82
4036,0
4037,31
4038,97
4039,78
4040,18
4041,35
4042,75
4043,38
4044,62
4045,20
4046,18
4047,52
4048,60
4049,16
4050,79
4051,75
4052,30
4053,2
4054,28
4055,70
4056,47
4057,43
4058,52
4059,63
4060,90
4061,56
4062,69
4063,17
4064,2
4065,63
4066,55
4067,53
4068,57
4069,10
4070,9
4071,23
4072,79
4073,30
4074,75
4075,0
4076,68
4077,68
4078,25
4079,1
4080,65
4081,21
4082,65
4083,27
4084,45
4085,31
4086,65
4087,77
4088,23
4089,26
4090,13
4091,16
4092,11
4093,52
4094,27
4095,23
4096,30
4097,21
4098,13
4099,50
4100,53
4101,77
4102,35
4103,72
4104,36
4105,41
4106,83
4107,80
4108,5
4109,52
4110,57
4111,95
4112,0
4113,60
4114,35
4115,37
4116,13
4117,23
4118,53
4119,54
4120,84
4121,92
4122,14
4123,71
4124,22
4125,95
4126,24
4127,64
4128,46
4129,36
4130,23
4131,27
4132,13
4133,3
4134,31
4135,80
4136,49
4137,40
4138,45
4139,21
4140,83
4141,90
4142,80
4143,90
4144,95
4145,9
4146,5
4147,53
4148,63
4149,36
4150,36
4151,90
4152,64
4153,21
4154,11
4155,0
4156,33
4157,3
4158,3
4159,69
4160,56
4161,75
4162,48
4163,35
4164,73
4165,1
4166,72
4167,23
4168,80
4169,59
4170,43
4171,63
4172,61
4173,63
4174,23
4175,12
4176,55
4177,21
4178,13
4179,40
4180,13
4181,27
4182,73
4183,82
4184,76
4185,18
4186,32
4187,5
4188,94
4189,28
4190,62
4191,38
4192,26
4193,19
4194,9
4195,39
4196,25
4197,47
4198,79
4199,35
4200,12
4201,87
4202,23
4203,58
4204,29
4205,66
4206,46
4207,47
4208,28
4209,37
4210,5
4211,97
4212,97
4213,44
4214,78
4215,4
4216,0
4217,82
4218,30
4219,61
4220,78
4221,99
4222,80
4223,19
4224,61
4225,69
4226,36
4227,51
4228,38
4229,31
4230,52
4231,86
4232,39
4233,5
4234,68
4235,57
4236,5
4237,15
4238,61
4239,32
4240,90
4241,80
4242,35
4243,90
4244,9
4245,60
4246,96
4247,54
4248,26
4249,7
4250,81
4251,88
4252,89
4253,52
4254,33
4255,79
4256,42
4257,52
4258,50
4259,59
4260,39
4261,15
4262,83
4263,56
4264,48
4265,31
4266,49
4267,75
4268,22
4269,61
4270,27
4271,73
4272,13
4273,37
4274,8
4275,41
4276,62
4277,47
4278,71
4279,99
4280,67
4281,48
4282,23
4283,5
4284,56
4285,15
4286,2
4287,23
4288,44
4289,92
4290,4
4291,48
4292,87
4293,7
4294,61
4295,86
4296,52
4297,52
4298,2
4299,22
4300,79
4301,49
4302,10
4303,19
4304,0
4305,55
4306,47
4307,90
4308,23
4309,85
4310,24
4311,22
4312,5
4313,55
4314,75
4315,25
4316,23
4317,3
4318,52
4319,22
4320,3
4321,56
4322,43
4323,57
4324,21
4325,44
4326,40
4327,66
4328,58
4329,64
4330,2
4331,14
4332,17
4333,72
4334,6
4335,33
4336,70
4337,57
4338,9
4339,79
4340,26
4341,94
4342,30
4343,37
4344,83
4345,94
4346,35
4347,87
4348,37
4349,82
4350,69
4351,10
4352,62
4353,10
4354,87
4355,49
4356,71
4357,14
4358,16
4359,30
4360,18
4361,55
4362,13
4363,25
4364,98
4365,27
4366,60
4367,44
4368,88
4369,95
4370,46
4371,44
4372,59
4373,20
4374,66
4375,63
4376,36
4377,54
4378,66
4379,98
4380,89
4381,61
4382,21
4383,76
4384,36
4385,33
4386,1
4387,57
4388,12
4389,91
4390,71
4391,10
4392,8
4393,43
4394,60
4395,25
4396,53
4397,67
4398,61
4399,33
4400,76
4401,60
4402,87
4403,29
4404,66
4405,28
4406,39
4407,23
4408,70
4409,58
4410,71
4411,67
4412,3
4413,0
4414,0
4415,76
4416,42
4417,69
4418,56
4419,36
4420,28
4421,53
4422,18
4423,16
4424,54
4425,0
4426,56
4427,22
4428,97
4429,55
4430,10
4431,20
4432,7
4433,27
4434,33
4435,14
4436,15
4437,3
4438,79
4439,23
4440,12
4441,3
4442,21
4443,23
4444,41
4445,17
4446,40
4447,36
4448,79
4449,57
4450,97
4451,25
4452,86
4453,92
4454,90
4455,65
4456,41
4457,49
4458,46
4459,71
4460,35
4461,47
4462,13
4463,41
4464,28
4465,31
4466,2
4467,69
4468,83
4469,7
4470,95
4471,95
4472,87
4473,48
4474,75
4475,11
4476,33
4477,95
4478,35
4479,73
4480,25
4481,99
4482,68
4483,35
4484,62
4485,78
4486,0
4487,49
4488,15
4489,48
4490,45
4491,34
4492,8
4493,5
4494,30
4495,29
4496,27
4497,87
4498,54
4499,16
4500,39
4501,97
4502,32
4503,25
4504,68
4505,35
4506,17
4507,0
4508,44
4509,36
4510,86
4511,76
4512,38
4513,2
4514,75
4515,13
4516,13
4517,82
4518,65
4519,68
4520,2
4521,2
4522,61
4523,67
4524,84
4525,80
4526,69
4527,84
4528,65
4529,34
4530,58
4531,94
4532,21
4533,36
4534,83
4535,81
4536,2
4537,99
4538,70
4539,69
4540,57
4541,49
4542,46
4543,66
4544,21
4545,63
4546,53
4547,66
4548,21
4549,90
4550,23
4551,5
4552,94
4553,94
4554,5
4555,9
4556,61
4557,17
4558,53
4559,23
4560,66
4561,47
4562,62
4563,47
4564,13
4565,24
4566,1
4567,77
4568,15
4569,87
4570,8
4571,60
4572,11
4573,75
4574,95
4575,66
4576,20
4577,74
4578,45
4579,9
4580,17
4581,63
4582,97
4583,70
4584,75
4585,46
4586,81
4587,51
4588,44
4589,78
4590,61
4591,85
4592,95
4593,18
4594,85
4595,1
4596,47
4597,21
4598,78
4599,31
4600,68
4601,77
4602,69
4603,33
4604,70
4605,19
4606,76
4607,21
4608,62
4609,18
4610,34
4611,75
4612,95
4613,40
4614,31
4615,36
4616,68
4617,99
4618,91
4619,43
4620,77
4621,31
4622,63
4623,80
4624,6
4625,49
4626,51
4627,82
4628,5
4629,23
4630,29
4631,87
4632,62
4633,78
4634,46
4635,74
4636,0
4637,36
4638,90
4639,75
4640,35
4641,87
4642,58
4643,18
4644,94
4645,3
4646,39
4647,87
4648,84
4649,62
4650,95
4651,23
4652,31
4653,30
4654,42
4655,30
4656,6
4657,70
4658,95
4659,18
4660,8
4661,21
4662,41
4663,80
4664,53
4665,37
4666,56
4667,36
4668,53
4669,84
4670,68
4671,36
4672,60
4673,79
4674,54
4675,33
4676,79
4677,18
4678,21
4679,73
4680,79
4681,57
4682,66
4683,42
4684,2
4685,27
4686,37
4687,15
4688,5
4689,72
4690,31
4691,26
4692,59
4693,87
4694,0
4695,69
4696,30
4697,86
4698,30
4699,76
4700,9
4701,95
4702,76
4703,93
4704,58
4705,22
4706,21
4707,46
4708,41
4709,31
4710,66
4711,40
4712,89
4713,56
4714,95
4715,11
4716,21
4717,13
4718,98
4719,27
4720,48
4721,61
4722,53
4723,69
4724,19
4725,37
4726,23
4727,89
4728,55
4729,48
4730,62
4731,20
4732,97
4733,35
4734,20
4735,77
4736,47
4737,13
4738,53
4739,63
4740,46
4741,35
4742,33
4743,96
4744,69
4745,17
4746,69
4747,69
4748,90
4749,25
4750,73
4751,97
4752,13
4753,84
4754,8
4755,40
4756,53
4757,23
4758,18
4759,10
4760,27
4761,18
4762,16
4763,84
4764,62
4765,55
4766,55
4767,57
4768,57
4769,82
4770,86
4771,26
4772,34
4773,2
4774,21
4775,39
4776,37
4777,24
4778,55
4779,50
4780,61
4781,83
4782,43
4783,2
4784,20
4785,20
4786,27
4787,58
4788,85
4789,12
4790,11
4791,65
4792,25
4793,32
4794,37
4795,75
4796,52
4797,48
4798,36
4799,27
4800,9
4801,26
4802,33
4803,69
4804,29
4805,33
4806,22
4807,30
4808,89
4809,88
4810,46
4811,48
4812,91
4813,88
4814,33
4815,30
4816,58
4817,9
4818,59
4819,15
4820,30
4821,5
4822,84
4823,44
4824,69
4825,77
4826,12
4827,94
4828,92
4829,17
4830,86
4831,11
4832,25
4833,21
4834,9
4835,37
4836,10
4837,8
4838,74
4839,98
4840,21
4841,33
4842,31
4843,31
4844,67
4845,64
4846,31
4847,22
4848,0
4849,94
4850,88
4851,39
4852,37
4853,73
4854,98
4855,77
4856,42
4857,66
4858,56
4859,68
4860,69
4861,95
4862,50
4863,58
4864,73
4865,63
4866,8
4867,66
4868,75
4869,94
4870,80
4871,86
4872,61
4873,94
4874,33
4875,81
4876,57
4877,16
4878,21
4879,35
4880,71
4881,78
4882,71
4883,77
4884,48
4885,41
4886,80
4887,87
4888,5
4889,46
4890,31
4891,54
4892,27
4893,94
4894,54
4895,35
4896,44
4897,33
4898,0
4899,60
4900,59
4901,78
4902,72
4903,56
4904,3
4905,82
4906,53
4907,24
4908,13
4909,95
4910,1
4911,44
4912,78
4913,38
4914,22
4915,58
4916,8
4917,0
4918,71
4919,35
4920,26
4921,87
4922,67
4923,36
4924,31
4925,83
4926,98
4927,0
4928,46
4929,47
4930,0
4931,57
4932,67
4933,71
4934,72
4935,84
4936,80
4937,48
4938,85
4939,48
4940,76
4941,31
4942,21
4943,0
4944,73
4945,15
4946,76
4947,76
4948,76
4949,18
4950,69
4951,51
4952,31
4953,27
4954,43
4955,46
4956,20
4957,98
4958,11
4959,0
4960,47
4961,88
4962,46
4963,57
4964,83
4965,13
4966,73
4967,12
4968,41
4969,79
4970,95
4971,52
4972,78
4973,90
4974,22
4975,84
4976,70
4977,73
4978,9
4979,70
4980,88
4981,55
4982,52
4983,94
4984,69
4985,38
4986,66
4987,15
4988,11
4989,31
4990,58
4991,16
4992,11
4993,85
4994,16
4995,39
4996,13
4997,6
4998,61
4999,8
5000,21
5001,31
5002,47
5003,31
5004,57
5005,83
5006,32
5007,81
5008,79
5009,2
5010,52
5011,69
5012,23
5013,60
5014,34
5015,97
5016,48
5017,46
5018,57
5019,12
5020,30
5021,33
5022,53
5023,39
5024,89
5025,57
5026,94
5027,43
5028,87
5029,58
5030,61
5031,12
5032,39
5033,77
5034,2
5035,43
5036,53
5037,91
5038,23
5039,13
5040,29
5041,75
5042,3
5043,31
5044,68
5045,83
5046,8
5047,43
5048,87
5049,34
5050,15
5051,90
5052,60
5053,80
5054,67
5055,13
5056,54
5057,43
5058,95
5059,61
5060,99
5061,53
5062,18
5063,84
5064,1
5065,1
5066,21
5067,91
5068,20
5069,63
5070,37
5071,21
5072,39
5073,69
5074,63
5075,61
5076,53
5077,49
5078,75
5079,79
5080,41
5081,27
5082,48
5083,67
5084,75
5085,7
5086,9
5087,94
5088,0
5089,72
5090,62
5091,5
5092,67
5093,62
5094,76
5095,23
5096,0
5097,56
5098,27
5099,16
5100,1
5101,78
5102,11
5103,46
5104,66
5105,44
5106,5
5107,20
5108,21
5109,85
5110,43
5111,41
5112,36
5113,75
5114,29
5115,35
5116,0
5117,87
5118,92
5119,62
5120,24
5121,18
5122,24
5123,60
5124,60
5125,53
5126,77
5127,21
5128,40
5129,30
5130,89
5131,84
5132,46
5133,34
5134,89
5135,91
5136,60
5137,3
5138,32
5139,66
5140,66
5141,74
5142,98
5143,50
5144,23
5145,48
5146,99
5147,61
5148,67
5149,29
5150,40
5151,95
5152,49
5153,88
5154,82
5155,0
5156,98
5157,71
5158,99
5159,35
5160,48
5161,15
5162,30
5163,24
5164,39
5165,22
5166,0
5167,62
5168,27
5169,16
5170,94
5171,77
5172,77
5173,60
5174,60
5175,28
5176,31
5177,31
5178,51
5179,11
5180,35
5181,56
5182,46
5183,66
5184,97
5185,1
5186,55
5187,32
5188,87
5189,37
5190,92
5191,40
5192,37
5193,72
5194,38
5195,80
5196,45
5197,15
5198,96
5199,65
5200,66
5201,1
5202,34
5203,82
5204,67
5205,12
5206,89
5207,80
5208,74
5209,63
5210,13
5211,9
5212,86
5213,83
5214,46
5215,18
5216,55
5217,30
5218,60
5219,15
5220,57
5221,33
5222,64
5223,57
5224,83
5225,84
5226,16
5227,54
5228,43
5229,72
5230,27
5231,95
5232,71
5233,43
5234,73
5235,16
5236,15
5237,96
5238,63
5239,79
5240,3
5241,36
5242,44
5243,10
5244,62
5245,53
5246,53
5247,53
5248,86
5249,69
5250,27
5251,68
5252,92
5253,90
5254,3
5255,12
5256,60
5257,7
5258,28
5259,46
5260,11
5261,95
5262,28
5263,39
5264,79
5265,35
5266,57
5267,29
5268,35
5269,78
5270,19
5271,43
5272,66
5273,43
5274,24
5275,9
5276,9
5277,83
5278,5
5279,48
5280,53
5281,23
5282,5
5283,21
5284,0
5285,68
5286,22
5287,77
5288,30
5289,31
5290,46
5291,26
5292,52
5293,15
5294,36
5295,16
5296,86
5297,79
5298,35
5299,62
5300,21
5301,19
5302,71
5303,52
5304,71
5305,36
5306,51
5307,81
5308,81
5309,66
5310,46
5311,80
5312,81
5313,94
5314,38
5315,48
5316,40
5317,99
5318,92
5319,47
5320,57
5321,77
5322,99
5323,67
5324,5
5325,6
5326,28
5327,43
5328,98
5329,83
5330,32
5331,55
5332,19
5333,71
5334,10
5335,13
5336,94
5337,55
5338,45
5339,64
5340,43
5341,25
5342,52
5343,92
5344,77
5345,2
5346,78
5347,61
5348,36
5349,27
5350,19
5351,16
5352,2
5353,1
5354,94
5355,85
5356,77
5357,9
5358,48
5359,46
5360,82
5361,6
5362,83
5363,23
5364,2
5365,32
5366,90
5367,74
5368,21
5369,44
5370,87
5371,31
5372,52
5373,73
5374,85
5375,39
5376,73
5377,85
5378,54
5379,43
5380,66
5381,82
5382,24
5383,53
5384,77
5385,29
5386,52
5387,59
5388,20
5389,19
5390,14
5391,56
5392,51
5393,30
5394,96
5395,13
5396,5
5397,48
5398,37
5399,78
5400,68
5401,48
5402,83
5403,71
5404,10
5405,30
5406,92
5407,21
5408,37
5409,87
5410,28
5411,93
5412,70
5413,20
5414,97
5415,2
5416,22
5417,46
5418,24
5419,86
5420,30
5421,15
5422,31
5423,66
5424,39
5425,35
5426,79
5427,77
5428,77
5429,14
5430,84
5431,75
5432,18
5433,84
5434,20
5435,70
5436,83
5437,80
5438,57
5439,47
5440,52
5441,2
5442,64
5443,0
5444,98
5445,81
5446,67
5447,31
5448,54
5449,77
5450,92
5451,51
5452,39
5453,30
5454,10
5455,85
5456,31
5457,58
5458,84
5459,54
5460,83
5461,77
5462,31
5463,32
5464,51
5465,75
5466,29
5467,56
5468,82
5469,68
5470,66
5471,29
5472,88
5473,71
5474,35
5475,68
5476,72
5477,94
5478,91
5479,73
5480,71
5481,83
5482,66
5483,76
5484,47
5485,66
5486,61
5487,65
5488,8
5489,38
5490,96
5491,47
5492,33
5493,74
5494,34
5495,82
5496,16
5497,0
5498,65
5499,56
5500,34
5501,30
5502,82
5503,10
5504,21
5505,57
5506,90
5507,43
5508,22
5509,54
5510,71
5511,17
5512,59
5513,0
5514,95
5515,19
5516,79
5517,88
5518,24
5519,47
5520,37
5521,0
5522,92
5523,1
5524,88
5525,59
5526,85
5527,41
5528,91
5529,63
5530,47
5531,46
5532,86
5533,44
5534,63
5535,24
5536,31
5537,75
5538,88
5539,21
5540,27
5541,71
5542,56
5543,62
5544,72
5545,88
5546,47
5547,46
5548,4
5549,69
5550,1
5551,49
5552,31
5553,68
5554,99
5555,0
5556,97
5557,76
5558,90
5559,97
5560,88
5561,20
5562,35
5563,91
5564,31
5565,44
5566,10
5567,58
5568,40
5569,91
5570,21
5571,92
5572,30
5573,59
5574,44
5575,68
5576,63
5577,71
5578,56
5579,0
5580,97
5581,39
5582,0
5583,17
5584,86
5585,44
5586,26
5587,24
5588,94
5589,23
5590,91
5591,83
5592,13
5593,32
5594,71
5595,28
5596,34
5597,31
5598,21
5599,33
5600,85
5601,27
5602,19
5603,45
5604,87
5605,13
5606,13
5607,94
5608,57
5609,81
5610,60
5611,80
5612,62
5613,68
5614,43
5615,21
5616,77
5617,60
5618,3
5619,29
5620,4
5621,30
5622,93
5623,49
5624,10
5625,47
5626,33
5627,39
5628,58
5629,69
5630,94
5631,39
5632,1
5633,36
5634,91
5635,44
5636,69
5637,82
5638,17
5639,89
5640,85
5641,1
5642,77
5643,11
5644,44
5645,33
5646,77
5647,59
5648,62
5649,62
5650,60
5651,71
5652,75
5653,41
5654,30
5655,89
5656,31
5657,36
5658,11
5659,88
5660,28
5661,98
5662,47
5663,38
5664,58
5665,33
5666,51
5667,41
5668,76
5669,56
5670,63
5671,18
5672,2
5673,53
5674,32
5675,66
5676,35
5677,54
5678,53
5679,27
5680,1
5681,75
5682,85
5683,97
5684,46
5685,48
5686,14
5687,22
5688,13
5689,55
5690,47
5691,66
5692,66
5693,54
5694,83
5695,85
5696,61
5697,83
5698,67
5699,18
5700,33
5701,31
5702,39
5703,46
5704,96
5705,74
5706,83
5707,31
5708,63
5709,27
5710,38
5711,96
5712,56
5713,24
5714,39
5715,79
5716,20
5717,35
5718,23
5719,11
5720,22
5721,27
5722,90
5723,61
5724,25
5725,68
5726,95
5727,75
5728,21
5729,41
5730,20
5731,34
5732,97
5733,69
5734,57
5735,56
5736,12
5737,0
5738,14
5739,99
5740,92
5741,69
5742,76
5743,60
5744,32
5745,53
5746,71
5747,53
5748,58
5749,16
5750,5
5751,61
5752,20
5753,73
5754,13
5755,76
5756,16
5757,95
5758,23
5759,81
5760,42
5761,85
5762,76
5763,44
5764,85
5765,20
5766,19
5767,61
5768,2
5769,16
5770,78
5771,0
5772,51
5773,42
5774,64
5775,13
5776,28
5777,92
5778,87
5779,51
5780,83
5781,82
5782,63
5783,87
5784,94
5785,27
5786,29
5787,97
5788,56
5789,51
5790,96
5791,18
5792,34
5793,67
5794,56
5795,0
5796,30
5797,76
5798,63
5799,80
5800,35
5801,10
5802,53
5803,57
5804,96
5805,64
5806,36
5807,19
5808,67
5809,8
5810,33
5811,1
5812,17
5813,54
5814,68
5815,61
5816,17
5817,83
5818,85
5819,0
5820,28
5821,25
5822,49
5823,55
5824,8
5825,11
5826,56
5827,18
5828,96
5829,82
5830,61
5831,29
5832,44
5833,30
5834,57
5835,90
5836,71
5837,13
5838,40
5839,29
5840,86
5841,60
5842,95
5843,88
5844,21
5845,23
5846,99
5847,64
5848,0
5849,57
5850,31
5851,26
5852,37
5853,97
5854,20
5855,86
5856,95
5857,58
5858,85
5859,71
5860,48
5861,30
5862,33
5863,43
5864,30
5865,79
5866,38
5867,33
5868,60
5869,37
5870,69
5871,85
5872,86
5873,57
5874,71
5875,91
5876,38
5877,66
5878,65
5879,60
5880,82
5881,84
5882,99
5883,23
5884,54
5885,26
5886,79
5887,7
5888,12
5889,54
5890,28
5891,91
5892,41
5893,31
5894,11
5895,36
5896,98
5897,31
5898,39
5899,66
5900,4
5901,54
5902,21
5903,28
5904,9
5905,3
5906,95
5907,15
5908,52
5909,73
5910,21
5911,81
5912,13
5913,2
5914,36
5915,58
5916,84
5917,66
5918,4
5919,99
5920,0
5921,97
5922,99
5923,22
5924,20
5925,22
5926,10
5927,80
5928,90
5929,36
5930,70
5931,24
5932,13
5933,99
5934,36
5935,20
5936,23
5937,65
5938,48
5939,23
5940,52
5941,13
5942,33
5943,82
5944,65
5945,10
5946,17
5947,85
5948,18
5949,21
5950,63
5951,11
5952,80
5953,96
5954,76
5955,39
5956,64
5957,15
5958,86
5959,9
5960,37
5961,84
5962,8
5963,15
5964,57
5965,28
5966,11
5967,52
5968,98
5969,30
5970,12
5971,97
5972,60
5973,91
5974,19
5975,36
5976,62
5977,58
5978,57
5979,60
5980,79
5981,2
5982,59
5983,41
5984,90
5985,78
5986,21
5987,16
5988,64
5989,55
5990,66
5991,31
5992,35
5993,49
5994,3
5995,55
5996,67
5997,53
5998,51
5999,87
6000,10
6001,16
6002,78
6003,74
6004,58
6005,80
6006,94
6007,47
6008,31
6009,99
6010,56
6011,6
6012,99
6013,52
6014,15
6015,60
6016,78
6017,53
6018,21
6019,8
6020,21
6021,85
6022,71
6023,24
6024,2
6025,55
6026,67
6027,40
6028,55
6029,62
6030,30
6031,85
6032,71
6033,49
6034,40
6035,10
6036,24
6037,33
6038,57
6039,5
6040,13
6041,13
6042,28
6043,21
6044,77
6045,51
6046,96
6047,63
6048,91
6049,30
6050,27
6051,86
6052,19
6053,74
6054,47
6055,52
6056,60
6057,37
6058,41
6059,59
6060,31
6061,57
6062,26
6063,35
6064,38
6065,32
6066,83
6067,66
6068,20
6069,27
6070,35
6071,69
6072,8
6073,41
6074,92
6075,87
6076,25
6077,8
6078,80
6079,13
6080,55
6081,31
6082,90
6083,2
6084,16
6085,86
6086,69
6087,54
6088,58
6089,37
6090,91
6091,35
6092,40
6093,82
6094,67
6095,65
6096,17
6097,72
6098,8
6099,57
6100,76
6101,48
6102,84
6103,35
6104,29
6105,72
6106,62
6107,36
6108,3
6109,90
6110,87
6111,69
6112,70
6113,76
6114,12
6115,84
6116,92
6117,35
6118,67
6119,44
6120,10
6121,48
6122,30
6123,48
6124,97
6125,23
6126,51
6127,40
6128,8
6129,19
6130,35
6131,9
6132,60
6133,20
6134,94
6135,19
6136,23
6137,31
6138,16
6139,22
6140,86
6141,70
6142,77
6143,5
6144,59
6145,49
6146,37
6147,20
6148,0
6149,24
6150,25
6151,77
6152,35
6153,0
6154,31
6155,78
6156,38
6157,61
6158,21
6159,88
6160,28
6161,94
6162,16
6163,92
6164,13
6165,87
6166,31
6167,49
6168,33
6169,3
6170,35
6171,77
6172,10
6173,76
6174,98
6175,20
6176,35
6177,2
6178,14
6179,19
6180,52
6181,59
6182,48
6183,79
6184,69
6185,15
6186,21
6187,8
6188,66
6189,13
6190,15
6191,66
6192,75
6193,83
6194,68
6195,20
6196,36
6197,91
6198,15
6199,83
6200,19
6201,95
6202,83
6203,1
6204,33
6205,24
6206,61
6207,61
6208,68
6209,79
6210,23
6211,62
6212,53
6213,42
6214,69
6215,24
6216,98
6217,69
6218,56
6219,79
6220,67
6221,81
6222,20
6223,95
6224,16
6225,52
6226,54
6227,68
6228,31
6229,5
6230,79
6231,12
6232,31
6233,15
6234,13
6235,38
6236,59
6237,62
6238,20
6239,13
6240,87
6241,35
6242,70
6243,98
6244,36
6245,75
6246,76
6247,41
6248,21
6249,2
6250,56
6251,80
6252,59
6253,13
6254,29
6255,18
6256,33
6257,31
6258,36
6259,86
6260,52
6261,75
6262,2
6263,57
6264,32
6265,73
6266,54
6267,99
6268,91
6269,63
6270,71
6271,17
6272,21
6273,55
6274,24
6275,9
6276,86
6277,78
6278,48
6279,59
6280,57
6281,83
6282,43
6283,99
6284,38
6285,73
6286,36
6287,58
6288,38
6289,80
6290,18
6291,54
6292,33
6293,37
6294,83
6295,48
6296,37
6297,22
6298,18
6299,5
6300,47
6301,97
6302,13
6303,24
6304,0
6305,17
6306,83
6307,20
6308,73
6309,68
6310,94
6311,58
6312,53
6313,28
6314,12
6315,57
6316,50
6317,12
6318,35
6319,66
6320,85
6321,20
6322,77
6323,35
6324,39
6325,53
6326,11
6327,82
6328,88
6329,48
6330,79
6331,49
6332,60
6333,3
6334,2
6335,51
6336,84
6337,70
6338,18
6339,64
6340,92
6341,28
6342,55
6343,41
6344,57
6345,66
6346,80
6347,69
6348,48
6349,88
6350,94
6351,30
6352,35
6353,19
6354,94
6355,82
6356,13
6357,48
6358,29
6359,29
6360,53
6361,71
6362,17
6363,37
6364,93
6365,2
6366,20
6367,94
6368,74
6369,20
6370,90
6371,97
6372,29
6373,6
6374,36
6375,31
6376,59
6377,74
6378,47
6379,17
6380,21
6381,18
6382,63
6383,98
6384,10
6385,60
6386,52
6387,52
6388,98
6389,0
6390,35
6391,70
6392,35
6393,32
6394,69
6395,93
6396,56
6397,75
6398,97
6399,29
6400,61
6401,7
6402,86
6403,99
6404,67
6405,75
6406,5
6407,2
6408,57
6409,77
6410,76
6411,39
6412,35
6413,9
6414,76
6415,69
6416,46
6417,63
6418,8
6419,69
6420,21
6421,57
6422,98
6423,19
6424,62
6425,47
6426,27
6427,32
6428,32
6429,73
6430,35
6431,44
6432,44
6433,75
6434,13
6435,44
6436,51
6437,29
6438,33
6439,89
6440,70
6441,65
6442,92
6443,53
6444,65
6445,70
6446,89
6447,19
6448,47
6449,19
6450,79
6451,84
6452,61
6453,79
6454,69
6455,77
6456,89
6457,47
6458,84
6459,94
6460,32
6461,24
6462,26
6463,21
6464,43
6465,66
6466,37
6467,59
6468,57
6469,95
6470,70
6471,98
6472,86
6473,81
6474,72
6475,37
6476,28
6477,46
6478,98
6479,78
6480,83
6481,21
6482,53
6483,19
6484,67
6485,6
6486,37
6487,85
6488,80
6489,84
6490,18
6491,27
6492,16
6493,27
6494,0
6495,4
6496,8
6497,30
6498,4
6499,2
6500,34
6501,32
6502,6
6503,23
6504,66
6505,51
6506,83
6507,73
6508,21
6509,30
6510,13
6511,59
6512,54
6513,29
6514,79
6515,53
6516,80
6517,69
6518,95
6519,5
6520,15
6521,34
6522,59
6523,18
6524,74
6525,72
6526,60
6527,42
6528,73
6529,58
6530,42
6531,95
6532,95
6533,37
6534,16
6535,74
6536,53
6537,23
6538,22
6539,35
6540,49
6541,87
6542,30
6543,52
6544,65
6545,83
6546,57
6547,74
6548,30
6549,9
6550,51
6551,57
6552,24
6553,47
6554,47
6555,89
6556,60
6557,60
6558,40
6559,62
6560,55
6561,95
6562,70
6563,66
6564,0
6565,79
6566,68
6567,89
6568,43
6569,97
6570,59
6571,19
6572,38
6573,9
6574,95
6575,30
6576,24
6577,9
6578,90
6579,71
6580,35
6581,84
6582,16
6583,53
6584,95
6585,19
6586,28
6587,57
6588,42
6589,47
6590,8
6591,36
6592,35
6593,83
6594,89
6595,19
6596,84
6597,27
6598,91
6599,47
6600,69
6601,21
6602,11
6603,65
6604,54
6605,59
6606,0
6607,27
6608,28
6609,66
6610,60
6611,20
6612,0
6613,85
6614,68
6615,42
6616,9
6617,29
6618,67
6619,69
6620,92
6621,84
6622,4
6623,60
6624,99
6625,57
6626,21
6627,84
6628,73
6629,55
6630,12
6631,87
6632,35
6633,8
6634,95
6635,3
6636,23
6637,50
6638,96
6639,46
6640,20
6641,46
6642,27
6643,18
6644,35
6645,91
6646,9
6647,95
6648,71
6649,70
6650,39
6651,2
6652,25
6653,55
6654,27
6655,89
6656,97
6657,41
6658,51
6659,28
6660,23
6661,1
6662,43
6663,13
6664,78
6665,90
6666,30
6667,27
6668,57
6669,73
6670,30
6671,16
6672,65
6673,43
6674,66
6675,99
6676,0
6677,36
6678,56
6679,30
6680,61
6681,34
6682,24
6683,40
6684,93
6685,18
6686,19
6687,89
6688,79
6689,59
6690,27
6691,79
6692,10
6693,77
6694,99
6695,61
6696,75
6697,61
6698,29
6699,16
6700,52
6701,57
6702,60
6703,79
6704,13
6705,53
6706,75
6707,91
6708,98
6709,5
6710,36
6711,50
6712,89
6713,48
6714,36
6715,56
6716,22
6717,84
6718,31
6719,31
6720,23
6721,20
6722,74
6723,34
6724,43
6725,71
6726,30
6727,66
6728,94
6729,51
6730,36
6731,13
6732,86
6733,68
6734,29
6735,48
6736,55
6737,71
6738,36
6739,35
6740,17
6741,51
6742,40
6743,33
6744,6
6745,63
6746,57
6747,0
6748,35
6749,0
6750,69
6751,53
6752,24
6753,80
6754,19
6755,43
6756,50
6757,20
6758,58
6759,6
6760,71
6761,33
6762,96
6763,9
6764,15
6765,30
6766,95
6767,12
6768,38
6769,68
6770,99
6771,35
6772,49
6773,95
6774,36
6775,52
6776,63
6777,75
6778,36
6779,75
6780,32
6781,2
6782,41
6783,53
6784,67
6785,47
6786,57
6787,2
6788,85
6789,69
6790,64
6791,60
6792,64
6793,94
6794,5
6795,21
6796,31
6797,3
6798,30
6799,84
6800,31
6801,5
6802,57
6803,30
6804,83
6805,74
6806,65
6807,71
6808,38
6809,18
6810,19
6811,85
6812,76
6813,80
6814,78
6815,94
6816,80
6817,80
6818,66
6819,92
6820,55
6821,28
6822,40
6823,3
6824,92
6825,20
6826,95
6827,14
6828,62
6829,20
6830,47
6831,35
6832,69
6833,79
6834,28
6835,94
6836,86
6837,76
6838,83
6839,98
6840,5
6841,94
6842,99
6843,21
6844,68
6845,85
6846,61
6847,78
6848,97
6849,16
6850,5
6851,43
6852,29
6853,27
6854,65
6855,86
6856,19
6857,22
6858,43
6859,94
6860,39
6861,10
6862,56
6863,82
6864,10
6865,57
6866,9
6867,69
6868,3
6869,69
6870,91
6871,66
6872,20
6873,21
6874,61
6875,90
6876,31
6877,34
6878,37
6879,18
6880,23
6881,4
6882,31
6883,47
6884,33
6885,37
6886,69
6887,52
6888,36
6889,48
6890,60
6891,6
6892,61
6893,74
6894,48
6895,75
6896,69
6897,23
6898,13
6899,35
6900,71
6901,62
6902,56
6903,83
6904,24
6905,66
6906,2
6907,15
6908,36
6909,46
6910,47
6911,55
6912,48
6913,79
6914,2
6915,83
6916,23
6917,23
6918,36
6919,20
6920,24
6921,71
6922,19
6923,18
6924,27
6925,66
6926,99
6927,1
6928,81
6929,50
6930,62
6931,90
6932,76
6933,67
6934,91
6935,47
6936,38
6937,94
6938,19
6939,31
6940,8
6941,98
6942,46
6943,80
6944,94
6945,55
6946,39
6947,12
6948,4
6949,91
6950,67
6951,5
6952,75
6953,25
6954,31
6955,56
6956,90
6957,31
6958,30
6959,71
6960,92
6961,16
6962,0
6963,4
6964,42
6965,95
6966,53
6967,67
6968,88
6969,31
6970,52
6971,88
6972,77
6973,72
6974,76
6975,30
6976,67
6977,61
6978,57
6979,29
6980,29
6981,65
6982,32
6983,91
6984,66
6985,6
6986,36
6987,76
6988,32
6989,96
6990,96
6991,58
6992,13
6993,8
6994,28
6995,7
6996,54
6997,9
6998,38
6999,3
7000,30
7001,39
7002,82
7003,54
7004,1
7005,78
7006,52
7007,53
7008,97
7009,61
7010,13
7011,18
7012,79
7013,51
7014,83
7015,86
7016,66
7017,35
7018,53
7019,37
7020,15
7021,71
7022,33
7023,56
7024,95
7025,83
7026,33
7027,87
7028,37
7029,87
7030,73
7031,72
7032,37
7033,35
7034,22
7035,1
7036,37
7037,86
7038,14
7039,20
7040,29
7041,16
7042,10
7043,21
7044,2
7045,92
7046,47
7047,57
7048,23
7049,20
7050,24
7051,61
7052,46
7053,8
7054,83
7055,72
7056,61
7057,81
7058,7
7059,86
7060,35
7061,36
7062,87
7063,96
7064,78
7065,73
7066,70
7067,45
7068,11
7069,31
7070,94
7071,95
7072,50
7073,76
7074,33
7075,13
7076,47
7077,87
7078,37
7079,5
7080,9
7081,22
7082,38
7083,39
7084,69
7085,73
7086,58
7087,91
7088,5
7089,62
7090,15
7091,36
7092,57
7093,60
7094,53
7095,94
7096,48
7097,56
7098,66
7099,7
7100,76
7101,24
7102,19
7103,66
7104,24
7105,83
7106,62
7107,9
7108,33
7109,61
7110,58
7111,59
7112,86
7113,37
7114,48
7115,36
7116,2
7117,67
7118,75
7119,81
7120,76
7121,7
7122,64
7123,79
7124,69
7125,43
7126,68
7127,22
7128,83
7129,85
7130,77
7131,53
7132,95
7133,88
7134,31
7135,15
7136,28
7137,47
7138,0
7139,75
7140,63
7141,37
7142,35
7143,14
7144,13
7145,21
7146,11
7147,2
7148,92
7149,15
7150,87
7151,91
7152,97
7153,9
7154,79
7155,95
7156,76
7157,33
7158,98
7159,79
7160,36
7161,31
7162,80
7163,78
7164,11
7165,84
7166,97
7167,21
7168,31
7169,30
7170,73
7171,6
7172,0
7173,31
7174,38
7175,65
7176,53
7177,18
7178,94
7179,36
7180,73
7181,31
7182,91
7183,95
7184,61
7185,59
7186,89
7187,76
7188,39
7189,48
7190,55
7191,31
7192,80
7193,8
7194,84
7195,93
7196,84
7197,3
7198,64
7199,16
7200,89
7201,91
7202,85
7203,24
7204,55
7205,17
7206,31
7207,34
7208,83
7209,55
7210,87
7211,9
7212,38
7213,57
7214,18
7215,75
7216,8
7217,33
7218,92
7219,86
7220,30
7221,4
7222,83
7223,90
7224,99
7225,70
7226,23
7227,57
7228,80
7229,57
7230,43
7231,56
7232,37
7233,31
7234,99
7235,9
7236,27
7237,23
7238,24
7239,37
7240,33
7241,12
7242,63
7243,84
7244,21
7245,17
7246,31
7247,35
7248,49
7249,16
7250,59
7251,0
7252,89
7253,0
7254,83
7255,55
7256,71
7257,83
7258,6
7259,79
7260,65
7261,12
7262,8
7263,77
7264,35
7265,85
7266,3
7267,68
7268,4
7269,51
7270,19
7271,29
7272,98
7273,88
7274,60
7275,83
7276,78
7277,70
7278,31
7279,52
7280,39
7281,47
7282,48
7283,6
7284,31
7285,90
7286,36
7287,31
7288,53
7289,81
7290,34
7291,18
7292,40
7293,52
7294,86
7295,2
7296,71
7297,95
7298,37
7299,79
7300,61
7301,29
7302,94
7303,18
7304,71
7305,46
7306,24
7307,98
7308,56
7309,46
7310,2
7311,89
7312,55
7313,37
7314,60
7315,16
7316,23
7317,52
7318,32
7319,7
7320,59
7321,20
7322,43
7323,9
7324,28
7325,96
7326,39
7327,99
7328,96
7329,23
7330,14
7331,65
7332,84
7333,14
7334,99
7335,63
7336,76
7337,68
7338,16
7339,22
7340,21
7341,28
7342,22
7343,78
7344,80
7345,62
7346,31
7347,36
7348,69
7349,72
7350,1
7351,2
7352,24
7353,18
7354,44
7355,44
7356,71
7357,28
7358,60
7359,22
7360,24
7361,86
7362,39
7363,83
7364,64
7365,18
7366,1
7367,80
7368,20
7369,27
7370,44
7371,29
7372,88
7373,92
7374,24
7375,56
7376,40
7377,11
7378,75
7379,70
7380,1
7381,43
7382,20
7383,16
7384,95
7385,17
7386,12
7387,53
7388,27
7389,60
7390,65
7391,53
7392,82
7393,82
7394,20
7395,9
7396,40
7397,59
7398,69
7399,56
7400,68
7401,40
7402,76
7403,80
7404,29
7405,10
7406,40
7407,33
7408,84
7409,55
7410,9
7411,36
7412,11
7413,0
7414,46
7415,79
7416,31
7417,83
7418,62
7419,86
7420,31
7421,63
7422,66
7423,26
7424,30
7425,49
7426,98
7427,94
7428,11
7429,53
7430,17
7431,35
7432,95
7433,83
7434,20
7435,33
7436,5
7437,37
7438,0
7439,47
7440,86
7441,13
7442,47
7443,31
7444,83
7445,19
7446,6
7447,84
7448,35
7449,8
7450,78
7451,78
7452,2
7453,3
7454,76
7455,27
7456,83
7457,44
7458,7
7459,94
7460,13
7461,76
7462,45
7463,55
7464,49
7465,78
7466,22
7467,72
7468,21
7469,62
7470,87
7471,49
7472,29
7473,39
7474,0
7475,35
7476,73
7477,19
7478,30
7479,47
7480,48
7481,49
7482,35
7483,61
7484,8
7485,50
7486,48
7487,46
7488,2
7489,71
7490,57
7491,36
7492,36
7493,4
7494,58
7495,25
7496,31
7497,60
7498,61
7499,13
7500,16
7501,47
7502,61
7503,75
7504,73
7505,65
7506,92
7507,85
7508,28
7509,92
7510,44
7511,16
7512,32
7513,85
7514,85
7515,40
7516,69
7517,58
7518,61
7519,95
7520,60
7521,27
7522,64
7523,78
7524,59
7525,51
7526,59
7527,36
7528,71
7529,31
7530,69
7531,38
7532,28
7533,95
7534,18
7535,39
7536,91
7537,76
7538,64
7539,82
7540,25
7541,32
7542,30
7543,2
7544,79
7545,38
7546,56
7547,61
7548,16
7549,66
7550,97
7551,35
7552,7
7553,13
7554,81
7555,24
7556,51
7557,86
7558,65
7559,66
7560,6
7561,61
7562,10
7563,14
7564,57
7565,91
7566,27
7567,44
7568,0
7569,36
7570,63
7571,29
7572,51
7573,25
7574,83
7575,27
7576,54
7577,21
7578,23
7579,40
7580,13
7581,24
7582,73
7583,35
7584,69
7585,51
7586,40
7587,21
7588,73
7589,12
7590,41
7591,0
7592,18
7593,44
7594,64
7595,48
7596,62
7597,35
7598,91
7599,95
7600,58
7601,84
7602,81
7603,57
7604,63
7605,10
7606,60
7607,5
7608,83
7609,42
7610,24
7611,39
7612,87
7613,60
7614,49
7615,25
7616,86
7617,79
7618,9
7619,19
7620,52
7621,28
7622,66
7623,24
7624,18
7625,25
7626,33
7627,24
7628,13
7629,74
7630,98
7631,81
7632,43
7633,56
7634,63
7635,79
7636,11
7637,71
7638,36
7639,36
7640,31
7641,60
7642,36
7643,24
7644,86
7645,40
7646,61
7647,71
7648,56
7649,41
7650,1
7651,54
7652,73
7653,4
7654,11
7655,9
7656,52
7657,83
7658,14
7659,85
7660,98
7661,33
7662,43
7663,7
7664,53
7665,59
7666,75
7667,89
7668,31
7669,57
7670,36
7671,90
7672,99
7673,27
7674,94
7675,60
7676,59
7677,47
7678,48
7679,94
7680,43
7681,11
7682,85
7683,76
7684,68
7685,85
7686,24
7687,35
7688,48
7689,78
7690,67
7691,26
7692,47
7693,43
7694,61
7695,76
7696,61
7697,58
7698,21
7699,69
7700,20
7701,71
7702,36
7703,31
7704,54
7705,55
7706,21
7707,2
7708,48
7709,12
7710,29
7711,88
7712,36
7713,18
7714,71
7715,63
7716,97
7717,44
7718,79
7719,82
7720,8
7721,16
7722,25
7723,37
7724,20
7725,53
7726,84
7727,52
7728,72
7729,64
7730,95
7731,22
7732,4
7733,20
7734,35
7735,5
7736,25
7737,83
7738,21
7739,35
7740,0
7741,87
7742,71
7743,96
7744,61
7745,91
7746,14
7747,71
7748,61
7749,56
7750,92
7751,83
7752,20
7753,71
7754,66
7755,2
7756,66
7757,32
7758,27
7759,91
7760,42
7761,6
7762,49
7763,94
7764,32
7765,52
7766,21
7767,91
7768,13
7769,1
7770,36
7771,84
7772,33
7773,2
7774,68
7775,25
7776,97
7777,8
7778,51
7779,33
7780,94
7781,13
7782,35
7783,9
7784,30
7785,30
7786,46
7787,37
7788,69
7789,3
7790,62
7791,77
7792,91
7793,31
7794,18
7795,99
7796,33
7797,8
7798,8
7799,10
7800,58
7801,58
7802,65
7803,99
7804,86
7805,80
7806,33
7807,97
7808,8
7809,47
7810,42
7811,27
7812,7
7813,71
7814,91
7815,21
7816,48
7817,70
7818,23
7819,41
7820,33
7821,97
7822,60
7823,94
7824,51
7825,87
7826,97
7827,44
7828,96
7829,68
7830,44
7831,67
7832,38
7833,31
7834,20
7835,76
7836,41
7837,69
7838,66
7839,53
7840,84
7841,47
7842,40
7843,61
7844,0
7845,32
7846,0
7847,78
7848,76
7849,72
7850,68
7851,37
7852,23
7853,42
7854,65
7855,35
7856,50
7857,47
7858,91
7859,59
7860,82
7861,85
7862,57
7863,32
7864,35
7865,73
7866,83
7867,98
7868,21
7869,61
7870,28
7871,60
7872,53
7873,56
7874,53
7875,65
7876,75
7877,0
7878,21
7879,79
7880,18
7881,3
7882,3
7883,57
7884,75
7885,12
7886,40
7887,16
7888,83
7889,66
7890,94
7891,82
7892,36
7893,67
7894,75
7895,51
7896,78
7897,24
7898,40
7899,21
7900,88
7901,31
7902,19
7903,23
7904,77
7905,16
7906,96
7907,18
7908,57
7909,41
7910,70
7911,53
7912,94
7913,79
7914,28
7915,85
7916,5
7917,41
7918,69
7919,28
7920,70
7921,48
7922,62
7923,83
7924,88
7925,89
7926,62
7927,51
7928,55
7929,33
7930,41
7931,51
7932,30
7933,59
7934,79
7935,94
7936,59
7937,95
7938,0
7939,10
7940,58
7941,86
7942,79
7943,13
7944,72
7945,27
7946,41
7947,44
7948,9
7949,81
7950,56
7951,42
7952,16
7953,27
7954,27
7955,19
7956,31
7957,40
7958,86
7959,85
7960,73
7961,46
7962,95
7963,13
7964,0
7965,8
7966,50
7967,8
7968,83
7969,16
7970,10
7971,12
7972,50
7973,32
7974,29
7975,74
7976,95
7977,0
7978,17
7979,27
7980,23
7981,33
7982,78
7983,13
7984,52
7985,32
7986,67
7987,29
7988,79
7989,53
7990,55
7991,9
7992,17
7993,40
7994,51
7995,87
7996,81
7997,30
7998,80
7999,1
8000,34
8001,95
8002,56
8003,31
8004,16
8005,27
8006,49
8007,58
8008,31
8009,21
8010,50
8011,35
8012,54
8013,67
8014,31
8015,29
8016,19
8017,53
8018,19
8019,82
8020,8
8021,66
8022,10
8023,49
8024,10
8025,11
8026,5
8027,21
8028,67
8029,96
8030,77
8031,29
8032,87
8033,80
8034,19
8035,33
8036,99
8037,41
8038,54
8039,27
8040,60
8041,28
8042,79
8043,69
8044,33
8045,97
8046,91
8047,57
8048,98
8049,13
8050,38
8051,64
8052,97
8053,70
8054,25
8055,52
8056,12
8057,62
8058,36
8059,33
8060,73
8061,61
8062,90
8063,62
8064,35
8065,18
8066,53
8067,91
8068,30
8069,66
8070,57
8071,46
8072,89
8073,19
8074,29
8075,3
8076,19
8077,69
8078,52
8079,73
8080,62
8081,20
8082,16
8083,61
8084,40
8085,11
8086,21
8087,73
8088,88
8089,75
8090,83
8091,0
8092,31
8093,98
8094,86
8095,59
8096,71
8097,52
8098,77
8099,16
8100,9
8101,27
8102,95
8103,49
8104,97
8105,83
8106,71
8107,0
8108,19
8109,85
8110,38
8111,16
8112,55
8113,66
8114,71
8115,35
8116,80
8117,21
8118,0
8119,27
8120,94
8121,91
8122,38
8123,22
8124,17
8125,62
8126,14
8127,36
8128,40
8129,31
8130,22
8131,19
8132,6
8133,81
8134,13
8135,23
8136,3
8137,84
8138,44
8139,18
8140,94
8141,90
8142,45
8143,95
8144,3
8145,77
8146,96
8147,32
8148,66
8149,57
8150,30
8151,81
8152,97
8153,85
8154,61
8155,36
8156,38
8157,57
8158,62
8159,68
8160,61
8161,66
8162,38
8163,97
8164,50
8165,24
8166,39
8167,90
8168,40
8169,53
8170,54
8171,66
8172,33
8173,12
8174,15
8175,51
8176,81
8177,4
8178,73
8179,39
8180,31
8181,21
8182,16
8183,12
8184,85
8185,58
8186,42
8187,75
8188,52
8189,65
8190,84
8191,0
8192,60
8193,21
8194,38
8195,52
8196,10
8197,79
8198,39
8199,2
8200,0
8201,42
8202,67
8203,16
8204,22
8205,83
8206,94
8207,41
8208,47
8209,31
8210,32
8211,95
8212,84
8213,15
8214,92
8215,32
8216,19
8217,60
8218,36
8219,97
8220,97
8221,4
8222,20
8223,2
8224,10
8225,85
8226,30
8227,20
8228,91
8229,98
8230,19
8231,90
8232,82
8233,19
8234,47
8235,80
8236,37
8237,61
8238,21
8239,58
8240,62
8241,52
8242,60
8243,35
8244,63
8245,46
8246,0
8247,38
8248,42
8249,84
8250,56
8251,7
8252,84
8253,35
8254,6
8255,31
8256,82
8257,36
8258,89
8259,58
8260,45
8261,98
8262,86
8263,13
8264,49
8265,79
8266,24
8267,48
8268,29
8269,0
8270,58
8271,17
8272,41
8273,30
8274,65
8275,53
8276,65
8277,54
8278,23
8279,89
8280,86
8281,0
8282,77
8283,95
8284,23
8285,23
8286,27
8287,37
8288,79
8289,73
8290,20
8291,29
8292,5
8293,35
8294,62
8295,73
8296,82
8297,58
8298,49
8299,48
8300,71
8301,45
8302,36
8303,16
8304,36
8305,55
8306,95
8307,83
8308,69
8309,35
8310,11
8311,9
8312,19
8313,79
8314,86
8315,64
8316,85
8317,54
8318,16
8319,16
8320,76
8321,65
8322,93
8323,49
8324,40
8325,35
8326,75
8327,44
8328,2
8329,97
8330,60
8331,23
8332,56
8333,91
8334,35
8335,38
8336,56
8337,10
8338,39
8339,3
8340,76
8341,37
8342,48
8343,94
8344,13
8345,84
8346,96
8347,98
8348,69
8349,21
8350,39
8351,83
8352,76
8353,31
8354,60
8355,91
8356,58
8357,12
8358,71
8359,10
8360,87
8361,16
8362,95
8363,25
8364,50
8365,12
8366,27
8367,1
8368,79
8369,15
8370,31
8371,1
8372,0
8373,3
8374,96
8375,44
8376,26
8377,1
8378,92
8379,69
8380,95
8381,29
8382,37
8383,13
8384,63
8385,23
8386,73
8387,58
8388,12
8389,66
8390,35
8391,73
8392,71
8393,21
8394,51
8395,13
8396,87
8397,96
8398,1
8399,36
8400,94
8401,24
8402,70
8403,69
8404,44
8405,71
8406,85
8407,35
8408,84
8409,2
8410,69
8411,59
8412,44
8413,71
8414,93
8415,3
8416,81
8417,38
8418,35
8419,52
8420,88
8421,27
8422,28
8423,81
8424,36
8425,1
8426,86
8427,97
8428,13
8429,53
8430,37
8431,22
8432,79
8433,28
8434,73
8435,19
8436,21
8437,73
8438,96
8439,97
8440,18
8441,74
8442,80
8443,53
8444,99
8445,3
8446,2
8447,29
8448,59
8449,49
8450,32
8451,73
8452,41
8453,43
8454,43
8455,79
8456,61
8457,22
8458,4
8459,31
8460,48
8461,29
8462,5
8463,31
8464,8
8465,33
8466,60
8467,81
8468,33
8469,98
8470,35
8471,33
8472,9
8473,74
8474,87
8475,49
8476,43
8477,98
8478,23
8479,85
8480,5
8481,43
8482,79
8483,20
8484,48
8485,33
8486,1
8487,38
8488,83
8489,83
8490,66
8491,56
8492,78
8493,96
8494,18
8495,92
8496,19
8497,49
8498,30
8499,17
8500,69
8501,30
8502,49
8503,17
8504,93
8505,71
8506,87
8507,9
8508,91
8509,84
8510,11
8511,71
8512,2
8513,82
8514,33
8515,77
8516,35
8517,90
8518,53
8519,38
8520,79
8521,39
8522,87
8523,35
8524,0
8525,37
8526,80
8527,76
8528,58
8529,62
8530,12
8531,27
8532,36
8533,95
8534,24
8535,75
8536,45
8537,5
8538,17
8539,96
8540,79
8541,47
8542,26
8543,51
8544,11
8545,31
8546,13
8547,3
8548,21
8549,44
8550,47
8551,56
8552,60
8553,19
8554,3
8555,37
8556,30
8557,23
8558,19
8559,64
8560,51
8561,77
8562,52
8563,35
8564,76
8565,55
8566,35
8567,51
8568,15
8569,37
8570,23
8571,23
8572,94
8573,40
8574,66
8575,95
8576,19
8577,2
8578,35
8579,32
8580,28
8581,10
8582,56
8583,2
8584,52
8585,87
8586,95
8587,71
8588,40
8589,86
8590,97
8591,97
8592,40
8593,26
8594,65
8595,54
8596,84
8597,1
8598,83
8599,23
8600,95
8601,31
8602,94
8603,5
8604,57
8605,19
8606,72
8607,36
8608,12
8609,92
8610,11
8611,78
8612,50
8613,5
8614,9
8615,78
8616,81
8617,56
8618,99
8619,20
8620,35
8621,8
8622,37
8623,52
8624,95
8625,62
8626,76
8627,21
8628,27
8629,33
8630,66
8631,93
8632,29
8633,52
8634,37
8635,74
8636,95
8637,54
8638,91
8639,94
8640,34
8641,51
8642,27
8643,31
8644,13
8645,57
8646,61
8647,58
8648,61
8649,19
8650,97
8651,10
8652,96
8653,77
8654,42
8655,24
8656,31
8657,35
8658,80
8659,37
8660,62
8661,69
8662,51
8663,6
8664,85
8665,33
8666,75
8667,29
8668,61
8669,48
8670,36
8671,79
8672,9
8673,83
8674,53
8675,4
8676,83
8677,36
8678,60
8679,35
8680,68
8681,14
8682,71
8683,22
8684,27
8685,2
8686,52
8687,67
8688,75
8689,94
8690,28
8691,62
8692,13
8693,82
8694,35
8695,89
8696,86
8697,22
8698,43
8699,23
8700,19
8701,59
8702,57
8703,21
8704,0
8705,52
8706,21
8707,21
8708,48
8709,86
8710,70
8711,24
8712,48
8713,83
8714,57
8715,21
8716,36
8717,32
8718,0
8719,34
8720,97
8721,40
8722,72
8723,77
8724,34
8725,60
8726,53
8727,2
8728,87
8729,16
8730,68
8731,52
8732,91
8733,66
8734,52
8735,33
8736,4
8737,28
8738,29
8739,35
8740,58
8741,14
8742,66
8743,6
8744,73
8745,68
8746,30
8747,23
8748,62
8749,48
8750,32
8751,55
8752,69
8753,32
8754,75
8755,0
8756,80
8757,31
8758,49
8759,19
8760,89
8761,85
8762,72
8763,51
8764,51
8765,80
8766,85
8767,69
8768,38
8769,73
8770,59
8771,0
8772,83
8773,0
8774,85
8775,56
8776,30
8777,96
8778,83
8779,35
8780,82
8781,51
8782,59
8783,53
8784,31
8785,56
8786,7
8787,42
8788,79
8789,59
8790,48
8791,42
8792,75
8793,86
8794,17
8795,57
8796,15
8797,4
8798,19
8799,0
8800,31
8801,36
8802,79
8803,1
8804,72
8805,86
8806,39
8807,53
8808,18
8809,69
8810,61
8811,35
8812,10
8813,90
8814,23
8815,18
8816,83
8817,30
8818,47
8819,52
8820,63
8821,64
8822,42
8823,45
8824,45
8825,0
8826,98
8827,48
8828,33
8829,57
8830,84
8831,49
8832,99
8833,30
8834,13
8835,4
8836,30
8837,50
8838,76
8839,24
8840,31
8841,67
8842,83
8843,76
8844,31
8845,8
8846,33
8847,91
8848,14
8849,81
8850,29
8851,49
8852,75
8853,69
8854,59
8855,97
8856,96
8857,92
8858,33
8859,58
8860,19
8861,91
8862,99
8863,36
8864,93
8865,43
8866,32
8867,42
8868,19
8869,32
8870,70
8871,23
8872,59
8873,78
8874,37
8875,3
8876,31
8877,43
8878,41
8879,33
8880,64
8881,67
8882,35
8883,88
8884,82
8885,51
8886,13
8887,52
8888,49
8889,83
8890,4
8891,48
8892,21
8893,67
8894,48
8895,15
8896,85
8897,27
8898,33
8899,73
8900,71
8901,7
8902,15
8903,71
8904,29
8905,37
8906,36
8907,18
8908,24
8909,73
8910,38
8911,41
8912,42
8913,72
8914,3
8915,20
8916,30
8917,89
8918,76
8919,61
8920,59
8921,61
8922,10
8923,89
8924,67
8925,71
8926,94
8927,8
8928,69
8929,31
8930,19
8931,38
8932,3
8933,71
8934,5
8935,20
8936,29
8937,69
8938,0
8939,77
8940,93
8941,36
8942,57
8943,33
8944,84
8945,67
8946,8
8947,30
8948,11
8949,3
8950,21
8951,96
8952,33
8953,17
8954,27
8955,47
8956,73
8957,23
8958,65
8959,9
8960,1
8961,11
8962,58
8963,29
8964,57
8965,15
8966,37
8967,80
8968,31
8969,80
8970,36
8971,7
8972,86
8973,40
8974,42
8975,47
8976,5
8977,62
8978,45
8979,11
8980,35
8981,82
8982,97
8983,83
8984,99
8985,30
8986,28
8987,69
8988,75
8989,0
8990,61
8991,48
8992,51
8993,28
8994,53
8995,50
8996,51
8997,55
8998,13
8999,40
9000,77
9001,74
9002,56
9003,60
9004,4
9005,56
9006,90
9007,91
9008,87
9009,53
9010,71
9011,94
9012,87
9013,41
9014,35
9015,10
9016,36
9017,48
9018,10
9019,54
9020,94
9021,33
9022,5
9023,50
9024,40
9025,16
9026,60
9027,92
9028,91
9029,20
9030,71
9031,96
9032,9
9033,57
9034,5
9035,16
9036,17
9037,24
9038,16
9039,87
9040,22
9041,45
9042,67
9043,28
9044,30
9045,87
9046,48
9047,28
9048,50
9049,20
9050,3
9051,63
9052,68
9053,50
9054,55
9055,53
9056,97
9057,16
9058,53
9059,68
9060,69
9061,16
9062,86
9063,90
9064,48
9065,27
9066,24
9067,40
9068,85
9069,94
9070,57
9071,30
9072,68
9073,11
9074,62
9075,21
9076,92
9077,13
9078,23
9079,70
9080,17
9081,31
9082,22
9083,23
9084,15
9085,78
9086,53
9087,79
9088,87
9089,16
9090,23
9091,16
9092,10
9093,24
9094,31
9095,66
9096,57
9097,88
9098,8
9099,0
9100,60
9101,23
9102,10
9103,14
9104,33
9105,97
9106,18
9107,28
9108,38
9109,23
9110,81
9111,21
9112,54
9113,10
9114,95
9115,30
9116,66
9117,79
9118,91
9119,82
9120,0
9121,54
9122,21
9123,23
9124,72
9125,3
9126,74
9127,14
9128,94
9129,97
9130,11
9131,27
9132,19
9133,99
9134,31
9135,25
9136,55
9137,73
9138,30
9139,35
9140,10
9141,13
9142,54
9143,49
9144,37
9145,58
9146,10
9147,52
9148,66
9149,91
9150,30
9151,80
9152,36
9153,81
9154,4
9155,36
9156,6
9157,54
9158,95
9159,84
9160,16
9161,18
9162,1
9163,81
9164,77
9165,27
9166,53
9167,21
9168,57
9169,33
9170,58
9171,85
9172,18
9173,90
9174,18
9175,67
9176,18
9177,38
9178,54
9179,43
9180,69
9181,69
9182,40
9183,54
9184,15
9185,20
9186,68
9187,18
9188,48
9189,77
9190,41
9191,84
9192,99
9193,23
9194,35
9195,56
9196,60
9197,51
9198,78
9199,53
9200,28
9201,96
9202,42
9203,1
9204,55
9205,40
9206,2
9207,6
9208,50
9209,90
9210,17
9211,21
9212,84
9213,17
9214,12
9215,36
9216,8
9217,80
9218,55
9219,30
9220,30
9221,95
9222,58
9223,96
9224,8
9225,71
9226,16
9227,37
9228,5
9229,83
9230,88
9231,62
9232,33
9233,50
9234,97
9235,59
9236,67
9237,33
9238,47
9239,84
9240,99
9241,43
9242,3
9243,63
9244,65
9245,73
9246,93
9247,2
9248,46
9249,3
9250,39
9251,13
9252,35
9253,86
9254,0
9255,64
9256,57
9257,14
9258,31
9259,66
9260,22
9261,30
9262,40
9263,97
9264,66
9265,57
9266,25
9267,20
9268,81
9269,40
9270,22
9271,36
9272,21
9273,78
9274,70
9275,25
9276,36
9277,37
9278,27
9279,60
9280,38
9281,13
9282,49
9283,94
9284,24
9285,14
9286,86
9287,33
9288,83
9289,70
9290,36
9291,3
9292,70
9293,71
9294,68
9295,21
9296,85
9297,47
9298,61
9299,53
9300,53
9301,29
9302,14
9303,34
9304,35
9305,13
9306,63
9307,94
9308,83
9309,86
9310,30
9311,48
9312,57
9313,35
9314,58
9315,52
9316,23
9317,70
9318,8
9319,8
9320,30
9321,17
9322,91
9323,27
9324,2
9325,37
9326,10
9327,4
9328,5
9329,94
9330,84
9331,82
9332,73
9333,57
9334,5
9335,1
9336,31
9337,79
9338,85
9339,83
9340,20
9341,40
9342,0
9343,11
9344,99
9345,75
9346,91
9347,91
9348,36
9349,53
9350,36
9351,2
9352,2
9353,92
9354,30
9355,44
9356,36
9357,53
9358,65
9359,79
9360,37
9361,88
9362,56
9363,47
9364,75
9365,95
9366,79
9367,88
9368,53
9369,35
9370,39
9371,31
9372,31
9373,16
9374,42
9375,8
9376,40
9377,36
9378,56
9379,68
9380,20
9381,23
9382,20
9383,73
9384,2
9385,58
9386,48
9387,0
9388,2
9389,51
9390,75
9391,96
9392,16
9393,12
9394,23
9395,23
9396,71
9397,91
9398,91
9399,42
9400,83
9401,48
9402,81
9403,41
9404,41
9405,26
9406,90
9407,74
9408,44
9409,18
9410,32
9411,47
9412,94
9413,0
9414,30
9415,1
9416,72
9417,90
9418,60
9419,97
9420,6
9421,21
9422,54
9423,29
9424,62
9425,64
9426,83
9427,78
9428,56
9429,28
9430,4
9431,88
9432,56
9433,81
9434,69
9435,3
9436,1
9437,83
9438,52
9439,37
9440,8
9441,73
9442,89
9443,80
9444,69
9445,18
9446,35
9447,93
9448,77
9449,88
9450,86
9451,37
9452,51
9453,31
9454,86
9455,41
9456,71
9457,60
9458,37
9459,39
9460,59
9461,21
9462,35
9463,89
9464,48
9465,77
9466,91
9467,47
9468,35
9469,38
9470,57
9471,2
9472,87
9473,58
9474,38
9475,17
9476,60
9477,23
9478,23
9479,85
9480,61
9481,87
9482,21
9483,0
9484,95
9485,29
9486,19
9487,36
9488,66
9489,35
9490,60
9491,13
9492,47
9493,80
9494,36
9495,43
9496,37
9497,36
9498,81
9499,6
9500,49
9501,23
9502,47
9503,38
9504,8
9505,18
9506,17
9507,45
9508,33
9509,31
9510,20
9511,40
9512,44
9513,27
9514,99
9515,55
9516,88
9517,64
9518,65
9519,53
9520,91
9521,21
9522,71
9523,92
9524,64
9525,35
9526,48
9527,17
9528,77
9529,25
9530,83
9531,76
9532,44
9533,27
9534,94
9535,90
9536,85
9537,8
9538,16
9539,28
9540,40
9541,46
9542,29
9543,74
9544,55
9545,4
9546,56
9547,59
9548,68
9549,40
9550,36
9551,29
9552,69
9553,78
9554,31
9555,86
9556,15
9557,61
9558,73
9559,29
9560,89
9561,73
9562,76
9563,34
9564,86
9565,27
9566,94
9567,91
9568,97
9569,81
9570,24
9571,0
9572,32
9573,68
9574,8
9575,5
9576,59
9577,33
9578,61
9579,68
9580,69
9581,85
9582,81
9583,57
9584,26
9585,75
9586,86
9587,17
9588,23
9589,84
9590,2
9591,65
9592,23
9593,53
9594,87
9595,36
9596,47
9597,90
9598,88
9599,17
9600,93
9601,69
9602,46
9603,88
9604,28
9605,99
9606,97
9607,27
9608,24
9609,41
9610,99
9611,18
9612,96
9613,70
9614,53
9615,22
9616,17
9617,35
9618,88
9619,23
9620,66
9621,13
9622,97
9623,30
9624,78
9625,94
9626,31
9627,51
9628,36
9629,53
9630,23
9631,10
9632,11
9633,84
9634,39
9635,81
9636,0
9637,32
9638,36
9639,6
9640,3
9641,1
9642,95
9643,54
9644,8
9645,56
9646,87
9647,59
9648,83
9649,33
9650,71
9651,79
9652,78
9653,37
9654,28
9655,95
9656,78
9657,38
9658,68
9659,95
9660,22
9661,33
9662,2
9663,38
9664,82
9665,69
9666,36
9667,72
9668,83
9669,18
9670,56
9671,25
9672,83
9673,10
9674,94
9675,63
9676,19
9677,70
9678,31
9679,95
9680,12
9681,69
9682,69
9683,87
9684,31
9685,86
9686,83
9687,20
9688,15
9689,87
9690,99
9691,25
9692,31
9693,99
9694,9
9695,42
9696,16
9697,5
9698,96
9699,57
9700,5
9701,19
9702,19
9703,79
9704,55
9705,33
9706,54
9707,48
9708,74
9709,56
9710,51
9711,16
9712,37
9713,43
9714,65
9715,92
9716,47
9717,84
9718,56
9719,67
9720,5
9721,54
9722,28
9723,70
9724,83
9725,33
9726,38
9727,71
9728,33
9729,75
9730,84
9731,36
9732,7
9733,52
9734,57
9735,30
9736,67
9737,65
9738,25
9739,87
9740,92
9741,23
9742,60
9743,66
9744,71
9745,94
9746,57
9747,95
9748,27
9749,87
9750,53
9751,62
9752,43
9753,90
9754,39
9755,21
9756,45
9757,36
9758,57
9759,91
9760,28
9761,62
9762,77
9763,56
9764,61
9765,90
9766,32
9767,11
9768,37
9769,44
9770,62
9771,87
9772,27
9773,0
9774,5
9775,46
9776,43
9777,53
9778,83
9779,33
9780,17
9781,51
9782,96
9783,31
9784,87
9785,10
9786,32
9787,66
9788,16
9789,71
9790,53
9791,43
9792,30
9793,53
9794,1
9795,53
9796,8
9797,83
9798,14
9799,76
9800,10
9801,58
9802,61
9803,52
9804,12
9805,75
9806,1
9807,55
9808,60
9809,89
9810,36
9811,80
9812,21
9813,22
9814,56
9815,96
9816,35
9817,84
9818,13
9819,87
9820,71
9821,83
9822,80
9823,98
9824,63
9825,71
9826,26
9827,61
9828,84
9829,85
9830,22
9831,90
9832,22
9833,79
9834,1
9835,82
9836,2
9837,52
9838,34
9839,42
9840,35
9841,23
9842,67
9843,78
9844,52
9845,36
9846,33
9847,16
9848,21
9849,53
9850,62
9851,56
9852,9
9853,80
9854,47
9855,15
9856,19
9857,16
9858,96
9859,0
9860,98
9861,26
9862,36
9863,65
9864,23
9865,0
9866,16
9867,35
9868,59
9869,48
9870,13
9871,80
9872,91
9873,79
9874,71
9875,92
9876,53
9877,75
9878,35
9879,53
9880,30
9881,23
9882,59
9883,82
9884,83
9885,34
9886,40
9887,12
9888,52
9889,87
9890,69
9891,86
9892,53
9893,36
9894,6
9895,69
9896,73
9897,69
9898,66
9899,98
9900,32
9901,73
9902,56
9903,73
9904,84
9905,55
9906,1
9907,79
9908,95
9909,36
9910,34
9911,24
9912,0
9913,46
9914,9
9915,16
9916,24
9917,58
9918,37
9919,60
9920,5
9921,95
9922,73
9923,83
9924,57
9925,29
9926,87
9927,97
9928,29
9929,70
9930,16
9931,67
9932,32
9933,30
9934,92
9935,56
9936,56
9937,71
9938,57
9939,64
9940,29
9941,31
9942,36
9943,89
9944,95
9945,86
9946,43
9947,71
9948,16
9949,48
9950,35
9951,36
9952,23
9953,73
9954,89
9955,61
9956,76
9957,83
9958,66
9959,55
9960,66
9961,87
9962,47
9963,80
9964,33
9965,74
9966,40
9967,67
9968,66
9969,79
9970,15
9971,0
9972,24
9973,75
9974,77
9975,25
9976,66
9977,37
9978,2
9979,21
9980,60
9981,69
9982,62
9983,84
9984,35
9985,28
9986,80
9987,61
9988,25
9989,24
9990,35
9991,73
9992,48
9993,43
9994,80
9995,62
9996,48
9997,32
9998,98
9999,27
